id,number,state,year_month,created_at,closed_at
4512194979,139263,open,2026-05,2026-05-24 16:15:41+00:00,
4507982344,139257,open,2026-05,2026-05-23 11:49:24+00:00,
4507294946,139256,open,2026-05,2026-05-23 07:19:52+00:00,
4505060724,139253,open,2026-05,2026-05-22 19:14:04+00:00,
4504802465,139252,open,2026-05,2026-05-22 18:27:35+00:00,
4504249224,139250,open,2026-05,2026-05-22 16:48:47+00:00,
4503664829,139246,open,2026-05,2026-05-22 15:10:02+00:00,
4502320177,139244,open,2026-05,2026-05-22 11:42:32+00:00,
4498541114,139239,open,2026-05,2026-05-21 23:21:42+00:00,
4496853730,139226,open,2026-05,2026-05-21 18:03:53+00:00,
4495302249,139221,open,2026-05,2026-05-21 14:20:35+00:00,
4495238313,139220,open,2026-05,2026-05-21 14:11:56+00:00,
4493121468,139214,closed,2026-05,2026-05-21 08:49:12+00:00,2026-05-24 17:14:28+00:00
4489858672,139205,open,2026-05,2026-05-20 20:57:32+00:00,
4489569830,139201,open,2026-05,2026-05-20 20:07:49+00:00,
4489482222,139200,open,2026-05,2026-05-20 19:52:56+00:00,
4489145170,139197,open,2026-05,2026-05-20 18:59:43+00:00,
4488419233,139191,open,2026-05,2026-05-20 17:03:09+00:00,
4487122152,139189,open,2026-05,2026-05-20 14:02:15+00:00,
4485647464,139186,open,2026-05,2026-05-20 10:49:51+00:00,
4479900069,139170,open,2026-05,2026-05-19 18:17:30+00:00,
4479266063,139166,open,2026-05,2026-05-19 16:43:40+00:00,
4477532963,139159,closed,2026-05,2026-05-19 12:56:57+00:00,2026-05-20 02:13:02+00:00
4473060723,139151,open,2026-05,2026-05-18 22:40:15+00:00,
4472613576,139150,open,2026-05,2026-05-18 21:11:42+00:00,
4468509308,139135,closed,2026-05,2026-05-18 10:58:26+00:00,2026-05-18 11:40:48+00:00
4468355892,139134,open,2026-05,2026-05-18 10:35:28+00:00,
4467537447,139132,open,2026-05,2026-05-18 08:34:05+00:00,
4466233191,139126,closed,2026-05,2026-05-18 04:20:33+00:00,2026-05-18 05:58:03+00:00
4465804155,139123,open,2026-05,2026-05-18 02:16:59+00:00,
4463809652,139117,open,2026-05,2026-05-17 14:34:30+00:00,
4461562983,139111,open,2026-05,2026-05-16 22:53:05+00:00,
4456355957,139097,open,2026-05,2026-05-15 19:12:37+00:00,
4454185639,139090,open,2026-05,2026-05-15 13:15:47+00:00,
4453551241,139089,open,2026-05,2026-05-15 11:32:28+00:00,
4449758156,139076,open,2026-05,2026-05-14 22:25:06+00:00,
4447503978,139069,closed,2026-05,2026-05-14 16:24:20+00:00,2026-05-20 09:05:37+00:00
4445442623,139060,open,2026-05,2026-05-14 11:12:45+00:00,
4440483834,139044,closed,2026-05,2026-05-13 19:04:34+00:00,2026-05-15 16:06:47+00:00
4440460399,139043,open,2026-05,2026-05-13 19:00:46+00:00,
4440293171,139042,open,2026-05,2026-05-13 18:33:16+00:00,
4439634350,139039,closed,2026-05,2026-05-13 16:43:13+00:00,2026-05-13 18:25:16+00:00
4438346285,139035,open,2026-05,2026-05-13 13:39:03+00:00,
4438329761,139034,closed,2026-05,2026-05-13 13:36:40+00:00,2026-05-20 13:01:48+00:00
4436918219,139028,open,2026-05,2026-05-13 10:06:32+00:00,
4436840119,139027,open,2026-05,2026-05-13 09:55:42+00:00,
4436771757,139026,open,2026-05,2026-05-13 09:46:31+00:00,
4434765249,139020,open,2026-05,2026-05-13 04:21:03+00:00,
4433497551,139016,open,2026-05,2026-05-13 00:08:35+00:00,
4429708945,138998,open,2026-05,2026-05-12 13:55:30+00:00,
4429209656,138996,open,2026-05,2026-05-12 12:45:28+00:00,
4428877488,138994,open,2026-05,2026-05-12 11:56:12+00:00,
4428499745,138992,open,2026-05,2026-05-12 10:59:20+00:00,
4428394128,138991,open,2026-05,2026-05-12 10:42:19+00:00,
4427135583,138987,open,2026-05,2026-05-12 07:34:04+00:00,
4424443306,138975,open,2026-05,2026-05-11 21:30:44+00:00,
4424003858,138973,open,2026-05,2026-05-11 20:19:17+00:00,
4422332094,138971,open,2026-05,2026-05-11 16:04:59+00:00,
4421864668,138968,open,2026-05,2026-05-11 14:58:46+00:00,
4420942546,138965,closed,2026-05,2026-05-11 12:49:30+00:00,2026-05-22 18:34:54+00:00
4420593823,138962,closed,2026-05,2026-05-11 11:55:47+00:00,2026-05-14 14:20:38+00:00
4418176750,138952,closed,2026-05,2026-05-11 04:57:35+00:00,2026-05-15 08:08:06+00:00
4417377238,138950,open,2026-05,2026-05-11 01:01:00+00:00,
4414354875,138936,closed,2026-05,2026-05-10 01:55:29+00:00,2026-05-15 14:02:33+00:00
4414223610,138935,open,2026-05,2026-05-10 00:35:56+00:00,
4412861087,138928,open,2026-05,2026-05-09 14:59:01+00:00,
4411663562,138924,closed,2026-05,2026-05-09 07:23:12+00:00,2026-05-11 17:55:53+00:00
4411401909,138922,open,2026-05,2026-05-09 06:03:53+00:00,
4411003509,138920,open,2026-05,2026-05-09 03:57:30+00:00,
4405895745,138891,closed,2026-05,2026-05-08 11:07:53+00:00,2026-05-09 16:38:12+00:00
4405337286,138889,open,2026-05,2026-05-08 09:30:58+00:00,
4405006136,138884,open,2026-05,2026-05-08 08:34:01+00:00,
4404140667,138882,closed,2026-05,2026-05-08 05:59:56+00:00,2026-05-11 14:19:53+00:00
4401106843,138870,closed,2026-05,2026-05-07 18:33:06+00:00,2026-05-07 18:34:57+00:00
4401106836,138869,closed,2026-05,2026-05-07 18:33:06+00:00,2026-05-07 18:33:55+00:00
4401106820,138868,closed,2026-05,2026-05-07 18:33:06+00:00,2026-05-07 18:33:53+00:00
4401106818,138867,closed,2026-05,2026-05-07 18:33:06+00:00,2026-05-07 18:33:58+00:00
4401106816,138866,closed,2026-05,2026-05-07 18:33:06+00:00,2026-05-07 18:33:26+00:00
4396476315,138843,closed,2026-05,2026-05-07 05:58:58+00:00,2026-05-10 13:07:48+00:00
4396364942,138842,open,2026-05,2026-05-07 05:27:02+00:00,
4396278934,138841,closed,2026-05,2026-05-07 05:00:37+00:00,2026-05-07 05:27:07+00:00
4394672988,138836,closed,2026-05,2026-05-06 21:51:28+00:00,2026-05-18 10:18:01+00:00
4393587038,138826,open,2026-05,2026-05-06 18:39:07+00:00,
4393261587,138822,closed,2026-05,2026-05-06 17:34:43+00:00,2026-05-07 15:27:17+00:00
4391957109,138815,open,2026-05,2026-05-06 14:00:58+00:00,
4391854974,138814,open,2026-05,2026-05-06 13:47:06+00:00,
4391635139,138812,open,2026-05,2026-05-06 13:16:54+00:00,
4390982739,138811,open,2026-05,2026-05-06 11:31:20+00:00,
4389235749,138800,open,2026-05,2026-05-06 06:26:20+00:00,
4388486724,138798,open,2026-05,2026-05-06 03:15:18+00:00,
4388232559,138797,closed,2026-05,2026-05-06 02:03:06+00:00,2026-05-06 13:27:51+00:00
4387090311,138793,open,2026-05,2026-05-05 21:04:43+00:00,
4383713097,138785,closed,2026-05,2026-05-05 11:37:22+00:00,2026-05-05 13:26:24+00:00
4383653288,138784,closed,2026-05,2026-05-05 11:26:05+00:00,2026-05-05 15:42:33+00:00
4382598456,138779,open,2026-05,2026-05-05 08:20:18+00:00,
4380806942,138776,closed,2026-05,2026-05-05 01:19:52+00:00,2026-05-05 11:20:05+00:00
4380659967,138774,open,2026-05,2026-05-05 00:42:48+00:00,
4378810625,138765,open,2026-05,2026-05-04 18:41:35+00:00,
4378646541,138763,closed,2026-05,2026-05-04 18:13:11+00:00,2026-05-04 18:29:12+00:00
4378514340,138762,closed,2026-05,2026-05-04 17:50:15+00:00,2026-05-04 17:54:15+00:00
4378372654,138761,open,2026-05,2026-05-04 17:25:40+00:00,
4377580892,138760,open,2026-05,2026-05-04 15:03:39+00:00,
4376821005,138753,closed,2026-05,2026-05-04 13:08:33+00:00,2026-05-07 06:02:56+00:00
4367412644,138742,open,2026-05,2026-05-02 01:17:39+00:00,
4366540189,138735,open,2026-05,2026-05-01 20:32:02+00:00,
4366166938,138731,open,2026-05,2026-05-01 19:02:40+00:00,
4363316547,138728,open,2026-05,2026-05-01 07:11:15+00:00,
4361095977,138719,open,2026-04,2026-04-30 20:33:15+00:00,
4361094744,138718,open,2026-04,2026-04-30 20:32:59+00:00,
4357857995,138709,closed,2026-04,2026-04-30 11:54:55+00:00,2026-05-07 14:39:20+00:00
4356808631,138707,closed,2026-04,2026-04-30 09:06:44+00:00,2026-05-01 00:46:52+00:00
4356434055,138706,open,2026-04,2026-04-30 08:09:45+00:00,
4354350775,138697,closed,2026-04,2026-04-29 23:52:03+00:00,2026-05-09 21:52:15+00:00
4352452412,138689,closed,2026-04,2026-04-29 17:29:36+00:00,2026-05-14 16:56:23+00:00
4351112396,138679,open,2026-04,2026-04-29 13:57:41+00:00,
4349022844,138670,open,2026-04,2026-04-29 08:34:41+00:00,
4347297058,138660,open,2026-04,2026-04-29 01:35:23+00:00,
4345368180,138654,open,2026-04,2026-04-28 18:29:01+00:00,
4345104883,138651,open,2026-04,2026-04-28 17:38:58+00:00,
4345092917,138650,closed,2026-04,2026-04-28 17:36:30+00:00,2026-05-06 02:04:02+00:00
4345009578,138648,open,2026-04,2026-04-28 17:21:19+00:00,
4344462859,138644,closed,2026-04,2026-04-28 15:48:44+00:00,2026-05-05 17:06:32+00:00
4342311639,138640,open,2026-04,2026-04-28 10:16:07+00:00,
4341328376,138634,closed,2026-04,2026-04-28 07:24:03+00:00,2026-05-06 18:02:00+00:00
4341136061,138633,closed,2026-04,2026-04-28 06:43:31+00:00,2026-04-29 17:32:12+00:00
4340339127,138631,open,2026-04,2026-04-28 03:15:51+00:00,
4337258743,138622,closed,2026-04,2026-04-27 16:25:17+00:00,2026-04-27 17:57:39+00:00
4334820100,138614,closed,2026-04,2026-04-27 09:58:22+00:00,2026-04-28 23:13:30+00:00
4332894561,138608,open,2026-04,2026-04-27 03:28:13+00:00,
4332846033,138607,closed,2026-04,2026-04-27 03:11:02+00:00,2026-05-07 01:44:56+00:00
4330295763,138599,closed,2026-04,2026-04-26 07:17:23+00:00,2026-04-26 07:40:46+00:00
4328948843,138595,closed,2026-04,2026-04-25 18:48:34+00:00,2026-04-25 19:13:55+00:00
4327222963,138591,open,2026-04,2026-04-25 05:46:45+00:00,
4322934447,138575,closed,2026-04,2026-04-24 12:35:46+00:00,2026-05-22 18:34:53+00:00
4322554246,138569,open,2026-04,2026-04-24 11:21:14+00:00,
4319156490,138557,open,2026-04,2026-04-23 22:04:17+00:00,
4318527729,138556,closed,2026-04,2026-04-23 20:00:17+00:00,2026-04-25 03:32:46+00:00
4317694875,138552,open,2026-04,2026-04-23 17:29:11+00:00,
4317105785,138549,open,2026-04,2026-04-23 15:34:25+00:00,
4315837722,138546,open,2026-04,2026-04-23 12:16:05+00:00,
4315173247,138543,closed,2026-04,2026-04-23 10:08:55+00:00,2026-04-23 20:20:59+00:00
4313785585,138534,closed,2026-04,2026-04-23 05:41:19+00:00,2026-04-24 19:15:22+00:00
4312756646,138533,closed,2026-04,2026-04-23 01:19:43+00:00,2026-04-23 18:38:48+00:00
4311919862,138529,closed,2026-04,2026-04-22 21:18:49+00:00,2026-05-07 08:13:22+00:00
4311029215,138527,closed,2026-04,2026-04-22 18:22:47+00:00,2026-04-30 21:33:34+00:00
4310398514,138525,open,2026-04,2026-04-22 16:25:13+00:00,
4310090609,138523,open,2026-04,2026-04-22 15:30:33+00:00,
4309151414,138521,closed,2026-04,2026-04-22 12:57:32+00:00,2026-04-22 16:38:10+00:00
4308790023,138518,open,2026-04,2026-04-22 11:53:10+00:00,
4308496024,138516,closed,2026-04,2026-04-22 10:58:53+00:00,2026-05-05 17:06:24+00:00
4307157056,138512,open,2026-04,2026-04-22 06:32:06+00:00,
4303288008,138505,open,2026-04,2026-04-21 14:29:42+00:00,
4300963802,138495,open,2026-04,2026-04-21 07:18:38+00:00,
4300869265,138494,open,2026-04,2026-04-21 06:57:47+00:00,
4299667193,138489,closed,2026-04,2026-04-21 01:21:55+00:00,2026-04-21 01:55:36+00:00
4297067026,138484,closed,2026-04,2026-04-20 16:09:48+00:00,2026-04-21 10:41:21+00:00
4294577029,138478,open,2026-04,2026-04-20 09:24:17+00:00,
4292859370,138473,open,2026-04,2026-04-20 03:10:35+00:00,
4292645469,138471,closed,2026-04,2026-04-20 01:52:26+00:00,2026-04-21 02:11:53+00:00
4291044162,138465,open,2026-04,2026-04-19 14:01:52+00:00,
4289903547,138461,closed,2026-04,2026-04-19 04:21:29+00:00,2026-04-28 10:37:34+00:00
4288965915,138459,closed,2026-04,2026-04-18 19:27:26+00:00,2026-04-18 19:58:56+00:00
4288519572,138458,open,2026-04,2026-04-18 16:14:43+00:00,
4288179214,138457,closed,2026-04,2026-04-18 13:53:17+00:00,2026-04-18 14:04:33+00:00
4283794233,138447,closed,2026-04,2026-04-17 15:50:42+00:00,2026-05-22 16:10:27+00:00
4283465377,138446,open,2026-04,2026-04-17 14:53:05+00:00,
4282761594,138444,closed,2026-04,2026-04-17 12:57:27+00:00,2026-05-08 16:45:19+00:00
4281229725,138440,closed,2026-04,2026-04-17 08:29:45+00:00,2026-04-17 15:25:07+00:00
4280981650,138436,closed,2026-04,2026-04-17 07:40:27+00:00,2026-05-14 19:00:29+00:00
4279156462,138431,closed,2026-04,2026-04-16 23:43:06+00:00,2026-04-17 03:35:05+00:00
4278373646,138429,open,2026-04,2026-04-16 20:32:28+00:00,
4277520394,138426,open,2026-04,2026-04-16 17:42:59+00:00,
4277094785,138424,open,2026-04,2026-04-16 16:27:57+00:00,
4276542895,138422,open,2026-04,2026-04-16 14:52:11+00:00,
4275247179,138415,open,2026-04,2026-04-16 11:09:43+00:00,
4274814992,138413,open,2026-04,2026-04-16 09:59:10+00:00,
4274661153,138412,closed,2026-04,2026-04-16 09:32:14+00:00,2026-04-16 11:47:56+00:00
4272710161,138411,open,2026-04,2026-04-16 01:50:24+00:00,
4271870942,138407,closed,2026-04,2026-04-15 21:40:17+00:00,2026-04-23 01:51:35+00:00
4270662233,138402,closed,2026-04,2026-04-15 17:46:56+00:00,2026-05-03 17:43:37+00:00
4270219002,138400,open,2026-04,2026-04-15 16:17:50+00:00,
4270149324,138399,closed,2026-04,2026-04-15 16:03:37+00:00,2026-04-17 00:35:52+00:00
4269594360,138398,closed,2026-04,2026-04-15 14:22:48+00:00,2026-04-28 14:21:01+00:00
4265937072,138391,open,2026-04,2026-04-15 02:53:08+00:00,
4265830719,138388,closed,2026-04,2026-04-15 02:17:44+00:00,2026-04-15 02:23:47+00:00
4263447824,138376,open,2026-04,2026-04-14 16:28:17+00:00,
4263413247,138375,open,2026-04,2026-04-14 16:21:36+00:00,
4262005440,138374,closed,2026-04,2026-04-14 12:26:14+00:00,2026-05-11 06:28:01+00:00
4261056456,138373,closed,2026-04,2026-04-14 09:20:31+00:00,2026-04-23 13:30:56+00:00
4260849255,138372,open,2026-04,2026-04-14 08:49:14+00:00,
4260395282,138371,closed,2026-04,2026-04-14 07:49:30+00:00,2026-05-04 18:14:24+00:00
4258809377,138366,open,2026-04,2026-04-14 01:09:22+00:00,
4256816332,138353,open,2026-04,2026-04-13 17:48:46+00:00,
4256627470,138352,closed,2026-04,2026-04-13 17:12:55+00:00,2026-04-23 01:51:13+00:00
4254326093,138342,open,2026-04,2026-04-13 11:56:08+00:00,
4250004838,138334,closed,2026-04,2026-04-12 21:30:06+00:00,2026-05-05 20:24:02+00:00
4246007585,138329,closed,2026-04,2026-04-11 23:28:15+00:00,2026-04-11 23:40:36+00:00
4243490427,138326,open,2026-04,2026-04-11 07:12:59+00:00,
4242220050,138325,open,2026-04,2026-04-10 23:40:58+00:00,
4310328777,138524,open,2026-04,2026-04-10 19:32:31+00:00,
4240879992,138320,open,2026-04,2026-04-10 18:00:13+00:00,
4240851747,138319,closed,2026-04,2026-04-10 17:54:42+00:00,2026-04-10 23:36:19+00:00
4239730489,138317,closed,2026-04,2026-04-10 14:16:00+00:00,2026-04-13 13:52:14+00:00
4239484459,138316,closed,2026-04,2026-04-10 13:32:19+00:00,2026-04-15 13:15:04+00:00
4238379864,138315,closed,2026-04,2026-04-10 10:10:30+00:00,2026-04-20 16:28:41+00:00
4238240891,138314,open,2026-04,2026-04-10 09:49:33+00:00,
4236693069,138310,open,2026-04,2026-04-10 05:01:27+00:00,
4232781523,138292,open,2026-04,2026-04-09 14:00:06+00:00,
4229275102,138283,open,2026-04,2026-04-09 03:47:26+00:00,
4229162387,138282,closed,2026-04,2026-04-09 03:22:22+00:00,2026-04-09 14:00:44+00:00
4228931706,138280,open,2026-04,2026-04-09 02:22:43+00:00,
4227613792,138276,open,2026-04,2026-04-08 20:59:31+00:00,
4224343541,138270,open,2026-04,2026-04-08 12:03:05+00:00,
4224191866,138268,open,2026-04,2026-04-08 11:34:56+00:00,
4224053449,138267,open,2026-04,2026-04-08 11:10:13+00:00,
4223664212,138264,closed,2026-04,2026-04-08 09:56:23+00:00,2026-05-23 08:44:44+00:00
4221756176,138263,open,2026-04,2026-04-08 02:52:50+00:00,
4219040248,138255,closed,2026-04,2026-04-07 16:13:58+00:00,2026-05-08 10:55:18+00:00
4218266826,138252,closed,2026-04,2026-04-07 14:11:52+00:00,2026-05-18 17:56:46+00:00
4217833584,138251,closed,2026-04,2026-04-07 13:01:30+00:00,2026-04-14 12:49:23+00:00
4217017043,138249,open,2026-04,2026-04-07 10:21:52+00:00,
4215397195,138247,open,2026-04,2026-04-07 04:25:56+00:00,
4214252533,138240,closed,2026-04,2026-04-06 21:50:10+00:00,2026-04-07 16:53:52+00:00
4212584804,138229,open,2026-04,2026-04-06 15:47:24+00:00,
4211936651,138226,open,2026-04,2026-04-06 13:36:47+00:00,
4211917610,138225,closed,2026-04,2026-04-06 13:32:48+00:00,2026-04-27 01:57:32+00:00
4210052807,138218,closed,2026-04,2026-04-06 06:39:49+00:00,2026-04-10 10:28:20+00:00
4209873359,138217,open,2026-04,2026-04-06 05:52:43+00:00,
4207363207,138215,open,2026-04,2026-04-05 12:06:01+00:00,
4203962928,138208,open,2026-04,2026-04-04 07:10:30+00:00,
4201326051,138204,closed,2026-04,2026-04-03 16:44:49+00:00,2026-04-09 17:42:23+00:00
4199178505,138194,open,2026-04,2026-04-03 08:20:37+00:00,
4193969832,138175,open,2026-04,2026-04-02 11:36:40+00:00,
4193904512,138174,open,2026-04,2026-04-02 11:24:00+00:00,
4192218128,138167,closed,2026-04,2026-04-02 06:57:04+00:00,2026-04-02 14:16:49+00:00
4191775752,138165,open,2026-04,2026-04-02 05:31:57+00:00,
4187722573,138149,open,2026-04,2026-04-01 15:12:39+00:00,
4186971997,138148,open,2026-04,2026-04-01 13:31:22+00:00,
4184742405,138146,open,2026-04,2026-04-01 07:17:53+00:00,
4183842271,138144,closed,2026-04,2026-04-01 03:46:14+00:00,2026-04-02 02:49:50+00:00
4182313506,138140,open,2026-03,2026-03-31 20:57:22+00:00,
4179672810,138134,open,2026-03,2026-03-31 14:25:17+00:00,
4179638692,138133,closed,2026-03,2026-03-31 14:20:56+00:00,2026-05-13 16:39:50+00:00
4176720276,138125,closed,2026-03,2026-03-31 07:31:53+00:00,2026-03-31 09:09:17+00:00
4176427887,138124,closed,2026-03,2026-03-31 06:50:30+00:00,2026-03-31 16:32:21+00:00
4176328163,138123,closed,2026-03,2026-03-31 06:37:30+00:00,2026-03-31 06:47:28+00:00
4176282346,138122,closed,2026-03,2026-03-31 06:32:09+00:00,2026-03-31 06:46:40+00:00
4176281106,138121,closed,2026-03,2026-03-31 06:32:01+00:00,2026-03-31 06:46:26+00:00
4176280299,138120,closed,2026-03,2026-03-31 06:31:54+00:00,2026-03-31 06:46:19+00:00
4176278503,138119,closed,2026-03,2026-03-31 06:31:41+00:00,2026-03-31 07:35:30+00:00
4176277223,138118,open,2026-03,2026-03-31 06:31:33+00:00,
4176274827,138117,closed,2026-03,2026-03-31 06:31:16+00:00,2026-03-31 16:55:15+00:00
4176274153,138116,closed,2026-03,2026-03-31 06:31:11+00:00,2026-04-21 00:45:30+00:00
4176273295,138115,closed,2026-03,2026-03-31 06:31:05+00:00,2026-03-31 06:47:19+00:00
4176271237,138114,closed,2026-03,2026-03-31 06:30:49+00:00,2026-04-02 17:39:11+00:00
4176260999,138113,open,2026-03,2026-03-31 06:29:28+00:00,
4176259180,138112,closed,2026-03,2026-03-31 06:29:15+00:00,2026-04-23 01:50:59+00:00
4176257833,138111,closed,2026-03,2026-03-31 06:29:06+00:00,2026-05-06 00:28:23+00:00
4176255426,138110,open,2026-03,2026-03-31 06:28:48+00:00,
4172705023,138101,open,2026-03,2026-03-30 17:33:08+00:00,
4171839873,138099,open,2026-03,2026-03-30 15:46:44+00:00,
4171289820,138097,open,2026-03,2026-03-30 14:35:01+00:00,
4169642697,138095,open,2026-03,2026-03-30 00:43:33+00:00,
4160841697,138085,open,2026-03,2026-03-28 16:56:31+00:00,
4159711598,138084,closed,2026-03,2026-03-28 12:37:20+00:00,2026-04-27 14:51:07+00:00
4156145759,138073,closed,2026-03,2026-03-27 21:57:12+00:00,2026-03-30 12:13:57+00:00
4154271699,138065,open,2026-03,2026-03-27 16:37:55+00:00,
4153219835,138058,closed,2026-03,2026-03-27 14:30:26+00:00,2026-03-29 11:13:52+00:00
4152997912,138057,open,2026-03,2026-03-27 14:06:24+00:00,
4151720671,138055,closed,2026-03,2026-03-27 11:21:27+00:00,2026-05-15 14:56:03+00:00
4151683007,138054,open,2026-03,2026-03-27 11:15:49+00:00,
4150658619,138051,closed,2026-03,2026-03-27 08:39:17+00:00,2026-04-23 00:37:30+00:00
4146176156,138039,closed,2026-03,2026-03-26 17:58:44+00:00,2026-04-01 17:56:33+00:00
4146187546,138040,closed,2026-03,2026-03-26 17:55:54+00:00,2026-03-26 20:04:31+00:00
4145611401,138038,open,2026-03,2026-03-26 16:42:39+00:00,
4139050788,138028,open,2026-03,2026-03-25 22:40:03+00:00,
4136297385,138020,open,2026-03,2026-03-25 15:25:26+00:00,
4134971957,138019,open,2026-03,2026-03-25 12:15:08+00:00,
4132964269,138015,closed,2026-03,2026-03-25 06:31:32+00:00,2026-05-11 01:31:47+00:00
4132135693,138012,open,2026-03,2026-03-25 03:30:36+00:00,
4132095868,138011,open,2026-03,2026-03-25 03:20:39+00:00,
4131047856,138009,open,2026-03,2026-03-24 22:30:02+00:00,
4130146569,138008,closed,2026-03,2026-03-24 19:21:18+00:00,2026-05-19 09:46:08+00:00
4126115524,137995,open,2026-03,2026-03-24 08:29:33+00:00,
4125999096,137993,open,2026-03,2026-03-24 08:05:09+00:00,
4125614779,137992,open,2026-03,2026-03-24 06:35:56+00:00,
4121112532,137984,open,2026-03,2026-03-23 13:58:02+00:00,
4118831054,137973,open,2026-03,2026-03-23 07:26:08+00:00,
4118535223,137972,open,2026-03,2026-03-23 06:17:35+00:00,
4117706721,137968,open,2026-03,2026-03-23 01:57:47+00:00,
4117308632,137967,open,2026-03,2026-03-22 22:48:57+00:00,
4117276388,137966,open,2026-03,2026-03-22 22:31:10+00:00,
4117231369,137965,closed,2026-03,2026-03-22 22:08:29+00:00,2026-04-22 23:41:00+00:00
4113244583,137951,open,2026-03,2026-03-21 18:09:24+00:00,
4113075032,137950,closed,2026-03,2026-03-21 17:10:06+00:00,2026-03-24 05:50:04+00:00
4112863123,137948,closed,2026-03,2026-03-21 15:37:24+00:00,2026-03-31 13:13:04+00:00
4112862658,137947,closed,2026-03,2026-03-21 15:37:09+00:00,2026-03-24 01:58:21+00:00
4110463073,137943,open,2026-03,2026-03-20 22:47:04+00:00,
4108016851,137933,open,2026-03,2026-03-20 13:52:35+00:00,
4107755689,137932,open,2026-03,2026-03-20 13:00:33+00:00,
4107573182,137929,open,2026-03,2026-03-20 12:19:49+00:00,
4106242662,137924,open,2026-03,2026-03-20 07:10:10+00:00,
4106050188,137923,closed,2026-03,2026-03-20 06:17:20+00:00,2026-03-26 18:23:11+00:00
4103722533,137915,closed,2026-03,2026-03-19 19:16:24+00:00,2026-03-20 15:36:19+00:00
4103660951,137913,open,2026-03,2026-03-19 19:06:03+00:00,
4103632717,137912,closed,2026-03,2026-03-19 19:00:37+00:00,2026-04-25 01:30:53+00:00
4102805873,137905,open,2026-03,2026-03-19 16:23:11+00:00,
4102800054,137903,open,2026-03,2026-03-19 16:22:05+00:00,
4102794516,137902,open,2026-03,2026-03-19 16:21:00+00:00,
4102789143,137901,open,2026-03,2026-03-19 16:20:02+00:00,
4102781619,137900,open,2026-03,2026-03-19 16:18:42+00:00,
4102773319,137899,open,2026-03,2026-03-19 16:17:13+00:00,
4102368116,137895,closed,2026-03,2026-03-19 15:12:32+00:00,2026-03-23 14:12:57+00:00
4102171322,137894,closed,2026-03,2026-03-19 14:39:36+00:00,2026-03-19 19:19:03+00:00
4102127477,137893,closed,2026-03,2026-03-19 14:32:54+00:00,2026-03-19 21:41:00+00:00
4101616077,137891,closed,2026-03,2026-03-19 13:14:39+00:00,2026-03-19 22:39:00+00:00
4101031059,137886,closed,2026-03,2026-03-19 11:23:08+00:00,2026-03-19 16:02:47+00:00
4100907778,137882,closed,2026-03,2026-03-19 10:57:10+00:00,2026-03-19 12:19:18+00:00
4100257065,137880,open,2026-03,2026-03-19 08:53:20+00:00,
4099836919,137877,closed,2026-03,2026-03-19 07:18:05+00:00,2026-03-21 06:16:54+00:00
4099629040,137874,closed,2026-03,2026-03-19 06:27:23+00:00,2026-03-21 22:01:51+00:00
4099331953,137872,open,2026-03,2026-03-19 05:12:02+00:00,
4098843599,137868,closed,2026-03,2026-03-19 02:28:29+00:00,2026-03-19 10:02:54+00:00
4098197244,137865,open,2026-03,2026-03-18 23:06:26+00:00,
4097912841,137863,open,2026-03,2026-03-18 21:55:02+00:00,
4097680687,137860,open,2026-03,2026-03-18 20:58:24+00:00,
4097558122,137859,closed,2026-03,2026-03-18 20:32:17+00:00,2026-04-22 22:45:24+00:00
4097311964,137858,closed,2026-03,2026-03-18 19:36:34+00:00,2026-03-30 02:06:13+00:00
4097283020,137857,open,2026-03,2026-03-18 19:29:18+00:00,
4097196684,137855,closed,2026-03,2026-03-18 19:08:02+00:00,2026-03-31 19:38:42+00:00
4096207787,137853,closed,2026-03,2026-03-18 16:10:22+00:00,2026-03-18 17:03:03+00:00
4093212055,137842,closed,2026-03,2026-03-18 07:09:32+00:00,2026-04-22 22:45:39+00:00
4092464394,137841,closed,2026-03,2026-03-18 03:28:35+00:00,2026-03-18 19:02:35+00:00
4092253762,137840,open,2026-03,2026-03-18 02:11:56+00:00,
4092204814,137839,open,2026-03,2026-03-18 01:55:14+00:00,
4092036151,137837,closed,2026-03,2026-03-18 01:00:07+00:00,2026-04-27 11:04:11+00:00
4091653033,137834,open,2026-03,2026-03-17 23:02:19+00:00,
4091265814,137828,open,2026-03,2026-03-17 21:21:06+00:00,
4091133662,137826,closed,2026-03,2026-03-17 20:52:03+00:00,2026-03-17 21:37:05+00:00
4091124640,137825,open,2026-03,2026-03-17 20:50:20+00:00,
4090872778,137824,open,2026-03,2026-03-17 19:59:03+00:00,
4090852986,137823,closed,2026-03,2026-03-17 19:54:48+00:00,2026-03-18 05:35:40+00:00
4090283724,137821,open,2026-03,2026-03-17 18:08:42+00:00,
4089530438,137819,closed,2026-03,2026-03-17 16:04:03+00:00,2026-03-23 06:47:07+00:00
4087525390,137803,closed,2026-03,2026-03-17 10:12:38+00:00,2026-03-25 03:27:42+00:00
4087500528,137802,open,2026-03,2026-03-17 10:08:13+00:00,
4086445159,137798,open,2026-03,2026-03-17 06:10:43+00:00,
4086389046,137797,closed,2026-03,2026-03-17 05:54:49+00:00,2026-03-18 03:15:41+00:00
4086012480,137793,open,2026-03,2026-03-17 03:38:22+00:00,
4085926430,137792,closed,2026-03,2026-03-17 03:03:43+00:00,2026-03-17 03:05:16+00:00
4084720804,137782,closed,2026-03,2026-03-16 20:49:16+00:00,2026-03-16 21:28:26+00:00
4082395528,137774,open,2026-03,2026-03-16 13:09:02+00:00,
4081434816,137770,open,2026-03,2026-03-16 09:56:34+00:00,
4080755630,137766,open,2026-03,2026-03-16 07:34:27+00:00,
4080493631,137763,closed,2026-03,2026-03-16 06:22:40+00:00,2026-03-24 07:04:08+00:00
4080171622,137761,open,2026-03,2026-03-16 04:35:05+00:00,
4079735204,137758,closed,2026-03,2026-03-16 01:35:55+00:00,2026-03-24 07:01:23+00:00
4076518994,137750,closed,2026-03,2026-03-14 19:13:04+00:00,2026-03-16 09:45:44+00:00
4076083514,137741,closed,2026-03,2026-03-14 15:50:14+00:00,2026-04-25 23:59:33+00:00
4076039505,137740,closed,2026-03,2026-03-14 15:32:28+00:00,2026-04-26 00:00:09+00:00
4076031690,137739,closed,2026-03,2026-03-14 15:28:35+00:00,2026-04-26 00:00:12+00:00
4075875155,137737,closed,2026-03,2026-03-14 13:58:24+00:00,2026-03-19 19:00:32+00:00
4074943712,137732,open,2026-03,2026-03-14 07:04:52+00:00,
4073972441,137729,closed,2026-03,2026-03-13 23:58:30+00:00,2026-03-15 10:18:33+00:00
4073926093,137728,closed,2026-03,2026-03-13 23:42:57+00:00,2026-03-17 17:19:18+00:00
4073353764,137724,closed,2026-03,2026-03-13 20:53:57+00:00,2026-03-26 23:20:19+00:00
4073218085,137723,open,2026-03,2026-03-13 20:17:14+00:00,
4073170411,137722,open,2026-03,2026-03-13 20:07:38+00:00,
4070930407,137710,open,2026-03,2026-03-13 12:49:13+00:00,
4070090359,137707,open,2026-03,2026-03-13 09:57:55+00:00,
4069505436,137705,closed,2026-03,2026-03-13 07:44:55+00:00,2026-03-17 11:39:43+00:00
4068905725,137700,open,2026-03,2026-03-13 05:03:29+00:00,
4068623537,137697,closed,2026-03,2026-03-13 03:38:01+00:00,2026-03-13 07:15:19+00:00
4068591193,137695,open,2026-03,2026-03-13 03:27:54+00:00,
4068040713,137690,closed,2026-03,2026-03-13 00:30:36+00:00,2026-03-13 00:33:32+00:00
4067870680,137687,closed,2026-03,2026-03-12 23:34:15+00:00,2026-03-13 09:37:36+00:00
4067805573,137686,closed,2026-03,2026-03-12 23:11:46+00:00,2026-03-13 06:43:59+00:00
4067772751,137685,open,2026-03,2026-03-12 23:02:26+00:00,
4067519099,137681,open,2026-03,2026-03-12 21:59:54+00:00,
4067463744,137680,closed,2026-03,2026-03-12 21:47:33+00:00,2026-03-18 17:51:16+00:00
4066760268,137674,closed,2026-03,2026-03-12 19:25:58+00:00,2026-03-19 00:12:46+00:00
4065960632,137670,open,2026-03,2026-03-12 16:49:59+00:00,
4062632752,137658,closed,2026-03,2026-03-12 07:00:16+00:00,2026-03-12 12:03:37+00:00
4062016087,137655,open,2026-03,2026-03-12 04:16:14+00:00,
4061968820,137654,open,2026-03,2026-03-12 04:03:22+00:00,
4061020686,137649,open,2026-03,2026-03-11 22:21:03+00:00,
4060622699,137648,closed,2026-03,2026-03-11 20:55:39+00:00,2026-05-04 13:31:15+00:00
4057988120,137631,open,2026-03,2026-03-11 12:37:21+00:00,
4057044402,137628,open,2026-03,2026-03-11 09:35:33+00:00,
4055851902,137619,closed,2026-03,2026-03-11 05:05:42+00:00,2026-03-11 15:47:39+00:00
4055701271,137618,closed,2026-03,2026-03-11 04:28:25+00:00,2026-03-13 01:54:28+00:00
4054290776,137617,closed,2026-03,2026-03-10 21:21:05+00:00,2026-03-24 18:10:20+00:00
4053158789,137613,open,2026-03,2026-03-10 17:22:18+00:00,
4050235700,137603,closed,2026-03,2026-03-10 08:29:44+00:00,2026-04-30 21:33:27+00:00
4050089615,137602,closed,2026-03,2026-03-10 07:58:07+00:00,2026-04-27 02:10:00+00:00
4049988887,137599,closed,2026-03,2026-03-10 07:33:44+00:00,2026-03-12 06:33:39+00:00
4049944158,137598,closed,2026-03,2026-03-10 07:24:16+00:00,2026-03-10 14:51:32+00:00
4049826928,137595,open,2026-03,2026-03-10 06:57:04+00:00,
4047229145,137578,closed,2026-03,2026-03-09 18:34:30+00:00,2026-05-11 18:28:54+00:00
4047154978,137577,closed,2026-03,2026-03-09 18:17:58+00:00,2026-05-01 00:26:31+00:00
4043279296,137560,closed,2026-03,2026-03-09 04:29:33+00:00,2026-03-11 17:00:20+00:00
4042508207,137557,closed,2026-03,2026-03-09 00:03:31+00:00,2026-03-11 22:37:45+00:00
4042352583,137556,open,2026-03,2026-03-08 22:44:07+00:00,
4041942771,137554,closed,2026-03,2026-03-08 18:53:24+00:00,2026-03-08 19:55:12+00:00
4041196270,137549,closed,2026-03,2026-03-08 12:25:12+00:00,2026-03-10 20:13:40+00:00
4040275484,137542,closed,2026-03,2026-03-08 02:57:20+00:00,2026-03-08 11:00:22+00:00
4040251594,137541,closed,2026-03,2026-03-08 02:39:07+00:00,2026-03-08 11:00:43+00:00
4040100156,137539,closed,2026-03,2026-03-08 01:16:43+00:00,2026-03-10 07:52:05+00:00
4038237161,137532,closed,2026-03,2026-03-07 11:05:18+00:00,2026-03-12 10:01:46+00:00
4037481002,137526,closed,2026-03,2026-03-07 05:41:45+00:00,2026-03-09 21:55:15+00:00
4036088624,137520,open,2026-03,2026-03-06 20:44:35+00:00,
4035553577,137503,closed,2026-03,2026-03-06 18:29:08+00:00,2026-04-22 23:41:23+00:00
4034858637,137491,open,2026-03,2026-03-06 15:42:09+00:00,
4034529094,137490,open,2026-03,2026-03-06 14:31:56+00:00,
4032920683,137480,closed,2026-03,2026-03-06 08:23:22+00:00,2026-03-19 14:14:46+00:00
4032852141,137479,closed,2026-03,2026-03-06 08:05:33+00:00,2026-03-27 08:40:55+00:00
4031372780,137469,closed,2026-03,2026-03-06 00:09:30+00:00,2026-04-24 23:14:55+00:00
4031367718,137468,closed,2026-03,2026-03-06 00:07:58+00:00,2026-04-22 22:44:54+00:00
4031350703,137467,closed,2026-03,2026-03-06 00:03:19+00:00,2026-03-24 09:08:24+00:00
4030939265,137459,closed,2026-03,2026-03-05 22:13:16+00:00,2026-03-06 02:07:06+00:00
4028491243,137445,open,2026-03,2026-03-05 14:14:09+00:00,
4028142437,137441,closed,2026-03,2026-03-05 13:11:03+00:00,2026-03-09 14:23:33+00:00
4027721552,137440,open,2026-03,2026-03-05 11:45:41+00:00,
4027646208,137439,open,2026-03,2026-03-05 11:29:10+00:00,
4027391134,137437,closed,2026-03,2026-03-05 10:38:42+00:00,2026-03-21 17:58:21+00:00
4027168266,137435,closed,2026-03,2026-03-05 09:57:34+00:00,2026-03-12 12:13:37+00:00
4026880205,137433,open,2026-03,2026-03-05 09:05:34+00:00,
4026598019,137430,open,2026-03,2026-03-05 08:09:03+00:00,
4026484285,137429,closed,2026-03,2026-03-05 07:46:04+00:00,2026-03-06 09:10:21+00:00
4026457478,137428,closed,2026-03,2026-03-05 07:40:09+00:00,2026-03-06 09:10:20+00:00
4026184389,137427,closed,2026-03,2026-03-05 06:38:41+00:00,2026-03-16 17:26:23+00:00
4026182760,137426,closed,2026-03,2026-03-05 06:38:20+00:00,2026-03-16 17:26:17+00:00
4026181044,137425,closed,2026-03,2026-03-05 06:37:53+00:00,2026-03-16 17:26:11+00:00
4025939452,137422,closed,2026-03,2026-03-05 05:39:22+00:00,2026-03-06 09:10:30+00:00
4024152792,137415,closed,2026-03,2026-03-04 21:05:23+00:00,2026-03-05 17:40:34+00:00
4023543842,137413,open,2026-03,2026-03-04 18:47:59+00:00,
4022895708,137409,closed,2026-03,2026-03-04 16:26:55+00:00,2026-04-22 22:44:47+00:00
4022656807,137407,open,2026-03,2026-03-04 15:40:14+00:00,
4022177654,137406,closed,2026-03,2026-03-04 14:03:10+00:00,2026-03-12 00:39:50+00:00
4022136789,137405,open,2026-03,2026-03-04 13:54:29+00:00,
4022031597,137401,closed,2026-03,2026-03-04 13:30:54+00:00,2026-03-10 21:33:34+00:00
4020675071,137393,closed,2026-03,2026-03-04 08:08:07+00:00,2026-03-04 20:54:22+00:00
4020562176,137392,closed,2026-03,2026-03-04 07:35:07+00:00,2026-03-07 15:32:02+00:00
4020342128,137391,open,2026-03,2026-03-04 06:24:13+00:00,
4019508714,137387,open,2026-03,2026-03-04 01:18:57+00:00,
4019016247,137381,closed,2026-03,2026-03-03 22:24:36+00:00,2026-04-22 22:46:08+00:00
4018063708,137376,closed,2026-03,2026-03-03 18:11:27+00:00,2026-03-03 18:13:14+00:00
4016632546,137368,closed,2026-03,2026-03-03 13:18:26+00:00,2026-03-17 13:35:44+00:00
4016396336,137367,open,2026-03,2026-03-03 12:25:39+00:00,
4014177272,137356,open,2026-03,2026-03-03 01:30:29+00:00,
4013861747,137354,open,2026-03,2026-03-02 23:28:19+00:00,
4012156349,137341,closed,2026-03,2026-03-02 16:34:15+00:00,2026-03-02 16:56:10+00:00
4008062559,137331,closed,2026-03,2026-03-01 19:19:33+00:00,2026-03-10 13:59:13+00:00
4007699257,137328,closed,2026-03,2026-03-01 16:47:52+00:00,2026-04-23 00:38:13+00:00
4006744114,137323,closed,2026-03,2026-03-01 09:24:31+00:00,2026-03-01 12:49:56+00:00
4005026924,137320,closed,2026-02,2026-02-28 17:21:41+00:00,2026-04-22 22:46:30+00:00
4004868609,137317,open,2026-02,2026-02-28 15:45:11+00:00,
4004696641,137315,open,2026-02,2026-02-28 13:51:43+00:00,
4004106783,137309,open,2026-02,2026-02-28 07:18:18+00:00,
4003881844,137308,open,2026-02,2026-02-28 04:40:44+00:00,
4003746927,137306,open,2026-02,2026-02-28 03:17:58+00:00,
4003335002,137303,closed,2026-02,2026-02-27 23:53:31+00:00,2026-05-02 01:09:25+00:00
3999596643,137282,closed,2026-02,2026-02-27 07:24:31+00:00,2026-03-02 22:12:55+00:00
3999483754,137281,closed,2026-02,2026-02-27 06:57:22+00:00,2026-05-04 13:29:53+00:00
3998723715,137276,open,2026-02,2026-02-27 02:38:47+00:00,
3997304621,137273,closed,2026-02,2026-02-26 19:15:46+00:00,2026-02-26 19:20:04+00:00
3996818066,137269,closed,2026-02,2026-02-26 17:26:54+00:00,2026-03-12 15:33:47+00:00
3995738774,137267,open,2026-02,2026-02-26 13:57:24+00:00,
3995073415,137263,open,2026-02,2026-02-26 11:47:35+00:00,
3987426296,137239,closed,2026-02,2026-02-25 06:07:23+00:00,2026-02-25 18:39:19+00:00
3986818407,137236,closed,2026-02,2026-02-25 02:27:16+00:00,2026-02-25 18:40:24+00:00
3985879049,137234,closed,2026-02,2026-02-24 21:19:27+00:00,2026-03-04 21:50:41+00:00
3985433501,137232,closed,2026-02,2026-02-24 19:24:21+00:00,2026-02-25 07:23:42+00:00
3985043565,137228,closed,2026-02,2026-02-24 17:48:49+00:00,2026-02-24 17:58:29+00:00
3983103983,137218,closed,2026-02,2026-02-24 11:22:49+00:00,2026-02-25 10:57:53+00:00
3981314895,137214,closed,2026-02,2026-02-24 03:38:53+00:00,2026-02-25 02:39:13+00:00
3980246141,137209,closed,2026-02,2026-02-23 21:28:08+00:00,2026-02-24 15:59:28+00:00
3979571402,137207,open,2026-02,2026-02-23 18:30:25+00:00,
3977198191,137195,closed,2026-02,2026-02-23 09:34:08+00:00,2026-02-23 11:40:46+00:00
3972570227,137184,closed,2026-02,2026-02-21 19:08:13+00:00,2026-03-10 21:33:42+00:00
3971877462,137180,closed,2026-02,2026-02-21 11:30:07+00:00,2026-03-04 14:38:22+00:00
3971864856,137179,closed,2026-02,2026-02-21 11:18:26+00:00,2026-04-22 21:50:19+00:00
3971858681,137178,open,2026-02,2026-02-21 11:13:33+00:00,
3966672902,137158,closed,2026-02,2026-02-20 05:24:59+00:00,2026-02-25 17:41:50+00:00
3966057736,137151,open,2026-02,2026-02-20 01:43:53+00:00,
3965713165,137148,open,2026-02,2026-02-19 23:48:14+00:00,
3963526854,137135,closed,2026-02,2026-02-19 15:21:45+00:00,2026-02-26 18:20:28+00:00
3963184854,137132,closed,2026-02,2026-02-19 14:09:34+00:00,2026-03-29 07:26:49+00:00
3961431965,137125,closed,2026-02,2026-02-19 07:38:10+00:00,2026-02-25 12:35:55+00:00
3959542405,137122,open,2026-02,2026-02-18 19:58:29+00:00,
3959000235,137118,closed,2026-02,2026-02-18 17:35:12+00:00,2026-02-20 10:04:23+00:00
3958975353,137117,closed,2026-02,2026-02-18 17:29:54+00:00,2026-02-23 07:26:12+00:00
3958477344,137113,closed,2026-02,2026-02-18 15:41:32+00:00,2026-03-09 21:29:13+00:00
3957764425,137109,open,2026-02,2026-02-18 13:01:31+00:00,
3955113159,137097,open,2026-02,2026-02-17 23:31:35+00:00,
3955056125,137096,open,2026-02,2026-02-17 23:09:05+00:00,
3954908244,137093,closed,2026-02,2026-02-17 22:19:51+00:00,2026-02-24 07:27:37+00:00
3953767545,137089,open,2026-02,2026-02-17 17:02:58+00:00,
3953323732,137085,closed,2026-02,2026-02-17 15:25:24+00:00,2026-04-26 21:42:47+00:00
3951950384,137074,closed,2026-02,2026-02-17 10:10:41+00:00,2026-02-18 08:35:39+00:00
3951745472,137071,closed,2026-02,2026-02-17 09:29:55+00:00,2026-03-17 11:10:19+00:00
3951550053,137068,open,2026-02,2026-02-17 08:43:10+00:00,
3948964814,137058,closed,2026-02,2026-02-16 18:07:01+00:00,2026-03-11 18:23:58+00:00
3948530619,137054,closed,2026-02,2026-02-16 16:18:54+00:00,2026-04-02 11:01:58+00:00
3946568682,137044,open,2026-02,2026-02-16 08:39:57+00:00,
3944742786,137040,open,2026-02,2026-02-15 19:20:07+00:00,
3944664682,137039,open,2026-02,2026-02-15 18:43:53+00:00,
3942103263,137027,closed,2026-02,2026-02-14 19:20:48+00:00,2026-03-12 21:38:42+00:00
3941325680,137024,open,2026-02,2026-02-14 12:35:51+00:00,
3937300980,137014,closed,2026-02,2026-02-13 13:54:40+00:00,2026-02-13 13:58:29+00:00
3936195836,137011,closed,2026-02,2026-02-13 09:23:21+00:00,2026-03-18 11:30:34+00:00
3936075290,137010,closed,2026-02,2026-02-13 08:52:57+00:00,2026-02-25 18:35:06+00:00
3935254587,137007,closed,2026-02,2026-02-13 04:16:35+00:00,2026-05-15 08:17:03+00:00
3935069741,137005,closed,2026-02,2026-02-13 02:57:02+00:00,2026-03-27 18:44:39+00:00
3934947464,137004,open,2026-02,2026-02-13 02:01:11+00:00,
3934426637,136999,closed,2026-02,2026-02-12 22:55:22+00:00,2026-04-23 18:52:50+00:00
3933778787,136997,open,2026-02,2026-02-12 20:08:32+00:00,
3933526004,136994,open,2026-02,2026-02-12 19:06:56+00:00,
3932967332,136991,open,2026-02,2026-02-12 17:10:07+00:00,
3931855866,136986,closed,2026-02,2026-02-12 13:22:07+00:00,2026-04-22 16:59:31+00:00
3931216332,136978,closed,2026-02,2026-02-12 11:05:25+00:00,2026-02-16 05:09:07+00:00
3930077313,136972,open,2026-02,2026-02-12 06:19:50+00:00,
3929053082,136962,open,2026-02,2026-02-11 22:57:32+00:00,
3927626788,136950,open,2026-02,2026-02-11 17:00:58+00:00,
3927382008,136948,closed,2026-02,2026-02-11 16:09:04+00:00,2026-02-17 18:01:56+00:00
3926129478,136943,open,2026-02,2026-02-11 11:49:56+00:00,
3924343600,136932,open,2026-02,2026-02-11 01:59:26+00:00,
3924300485,136931,closed,2026-02,2026-02-11 01:40:26+00:00,2026-02-26 00:45:50+00:00
3923702694,136922,closed,2026-02,2026-02-10 21:43:39+00:00,2026-02-12 18:24:15+00:00
3923143446,136919,closed,2026-02,2026-02-10 19:19:17+00:00,2026-05-14 23:22:26+00:00
3923121631,136918,closed,2026-02,2026-02-10 19:13:16+00:00,2026-04-24 16:32:48+00:00
3922560447,136916,closed,2026-02,2026-02-10 17:01:53+00:00,2026-02-11 06:15:26+00:00
3924917109,136936,closed,2026-02,2026-02-10 16:45:26+00:00,2026-02-11 20:47:02+00:00
3922345911,136914,open,2026-02,2026-02-10 16:14:59+00:00,
3921792563,136910,closed,2026-02,2026-02-10 14:30:17+00:00,2026-03-19 10:06:34+00:00
3921429306,136908,open,2026-02,2026-02-10 13:20:26+00:00,
3920561961,136906,closed,2026-02,2026-02-10 10:05:19+00:00,2026-02-26 16:44:22+00:00
3919519507,136899,closed,2026-02,2026-02-10 05:26:45+00:00,2026-03-02 03:09:34+00:00
3918465532,136897,open,2026-02,2026-02-09 22:30:10+00:00,
3917694055,136890,closed,2026-02,2026-02-09 18:45:33+00:00,2026-02-20 21:23:43+00:00
3917205128,136887,open,2026-02,2026-02-09 16:31:34+00:00,
3916838409,136884,open,2026-02,2026-02-09 15:02:53+00:00,
3916828943,136883,open,2026-02,2026-02-09 15:00:36+00:00,
3916821719,136882,open,2026-02,2026-02-09 14:58:58+00:00,
3916801881,136881,open,2026-02,2026-02-09 14:54:41+00:00,
3916771460,136880,open,2026-02,2026-02-09 14:48:12+00:00,
3916758676,136879,open,2026-02,2026-02-09 14:45:20+00:00,
3916749612,136878,open,2026-02,2026-02-09 14:43:21+00:00,
3916743870,136877,open,2026-02,2026-02-09 14:42:05+00:00,
3916734028,136876,open,2026-02,2026-02-09 14:39:52+00:00,
3916629258,136875,open,2026-02,2026-02-09 14:17:01+00:00,
3916625573,136874,open,2026-02,2026-02-09 14:16:23+00:00,
3916621446,136873,closed,2026-02,2026-02-09 14:15:31+00:00,2026-04-22 21:50:10+00:00
3916617605,136872,closed,2026-02,2026-02-09 14:14:44+00:00,2026-02-24 18:13:36+00:00
3916614034,136871,open,2026-02,2026-02-09 14:13:57+00:00,
3916608945,136870,open,2026-02,2026-02-09 14:12:54+00:00,
3916604443,136869,open,2026-02,2026-02-09 14:12:01+00:00,
3916596147,136867,open,2026-02,2026-02-09 14:10:20+00:00,
3916592090,136866,open,2026-02,2026-02-09 14:09:28+00:00,
3916588749,136865,open,2026-02,2026-02-09 14:08:42+00:00,
3916586170,136864,open,2026-02,2026-02-09 14:08:03+00:00,
3916582277,136863,open,2026-02,2026-02-09 14:07:06+00:00,
3916575432,136862,open,2026-02,2026-02-09 14:05:38+00:00,
3916571281,136861,open,2026-02,2026-02-09 14:04:42+00:00,
3916561324,136860,closed,2026-02,2026-02-09 14:02:17+00:00,2026-05-21 23:44:45+00:00
3916552435,136859,open,2026-02,2026-02-09 14:00:12+00:00,
3916546369,136858,open,2026-02,2026-02-09 13:58:51+00:00,
3916524832,136857,closed,2026-02,2026-02-09 13:54:24+00:00,2026-02-25 16:44:25+00:00
3915178349,136852,closed,2026-02,2026-02-09 08:44:30+00:00,2026-02-18 07:04:12+00:00
3914381445,136850,open,2026-02,2026-02-09 04:27:14+00:00,
3913365616,136841,closed,2026-02,2026-02-08 19:18:22+00:00,2026-02-08 22:34:41+00:00
3912624297,136837,open,2026-02,2026-02-08 12:16:47+00:00,
3912570181,136836,closed,2026-02,2026-02-08 11:28:38+00:00,2026-02-23 11:08:30+00:00
3912564618,136835,closed,2026-02,2026-02-08 11:23:20+00:00,2026-02-08 11:24:38+00:00
3912379375,136834,closed,2026-02,2026-02-08 09:23:01+00:00,2026-02-08 09:23:13+00:00
3912360212,136831,open,2026-02,2026-02-08 09:12:48+00:00,
3910731576,136823,closed,2026-02,2026-02-07 17:01:39+00:00,2026-02-13 00:40:09+00:00
3907300878,136805,open,2026-02,2026-02-06 15:36:36+00:00,
3906249888,136794,open,2026-02,2026-02-06 11:15:43+00:00,
3904581779,136789,closed,2026-02,2026-02-06 02:54:24+00:00,2026-02-06 03:26:54+00:00
3904043965,136788,open,2026-02,2026-02-05 23:26:30+00:00,
3903537003,136786,open,2026-02,2026-02-05 20:50:57+00:00,
3903516696,136785,open,2026-02,2026-02-05 20:45:34+00:00,
3903051013,136784,open,2026-02,2026-02-05 18:55:36+00:00,
3903041097,136783,closed,2026-02,2026-02-05 18:53:28+00:00,2026-03-13 22:11:37+00:00
3902967550,136782,open,2026-02,2026-02-05 18:34:57+00:00,
3902787687,136780,closed,2026-02,2026-02-05 17:46:44+00:00,2026-02-06 20:10:33+00:00
3898277122,136757,open,2026-02,2026-02-04 20:25:33+00:00,
3897418488,136749,closed,2026-02,2026-02-04 16:39:22+00:00,2026-02-04 17:26:49+00:00
3896231092,136742,closed,2026-02,2026-02-04 12:09:00+00:00,2026-02-10 10:42:22+00:00
3895845854,136740,closed,2026-02,2026-02-04 10:37:30+00:00,2026-02-04 12:02:04+00:00
3895695729,136739,open,2026-02,2026-02-04 10:02:13+00:00,
3895574574,136738,open,2026-02,2026-02-04 09:33:05+00:00,
3894701798,136735,open,2026-02,2026-02-04 05:17:39+00:00,
3892745743,136724,closed,2026-02,2026-02-03 19:07:37+00:00,2026-03-05 19:16:27+00:00
3892201228,136723,open,2026-02,2026-02-03 16:51:19+00:00,
3891762376,136722,closed,2026-02,2026-02-03 15:12:29+00:00,2026-03-16 20:39:58+00:00
3890204420,136713,open,2026-02,2026-02-03 09:29:01+00:00,
3890155293,136712,open,2026-02,2026-02-03 09:19:32+00:00,
3889663695,136708,closed,2026-02,2026-02-03 07:26:59+00:00,2026-02-24 06:48:31+00:00
3887756383,136698,closed,2026-02,2026-02-02 20:51:14+00:00,2026-03-19 11:50:33+00:00
3887683583,136697,open,2026-02,2026-02-02 20:20:55+00:00,
3887481277,136696,closed,2026-02,2026-02-02 19:06:15+00:00,2026-02-11 16:26:03+00:00
3885282609,136687,closed,2026-02,2026-02-02 10:54:08+00:00,2026-02-16 14:27:56+00:00
3884457189,136682,closed,2026-02,2026-02-02 07:40:58+00:00,2026-02-02 09:50:52+00:00
3883692859,136680,closed,2026-02,2026-02-02 03:06:14+00:00,2026-02-06 03:27:07+00:00
3883692354,136679,closed,2026-02,2026-02-02 03:06:04+00:00,2026-02-06 03:27:21+00:00
3883691825,136678,closed,2026-02,2026-02-02 03:05:54+00:00,2026-02-06 03:27:33+00:00
3883691288,136677,closed,2026-02,2026-02-02 03:05:43+00:00,2026-02-06 03:27:41+00:00
3883435715,136675,open,2026-02,2026-02-02 00:48:50+00:00,
3882113453,136672,open,2026-02,2026-02-01 14:17:01+00:00,
3875471908,136649,closed,2026-01,2026-01-30 12:19:58+00:00,2026-02-03 06:31:24+00:00
3874775293,136645,closed,2026-01,2026-01-30 09:14:35+00:00,2026-04-13 16:41:02+00:00
3873728686,136642,closed,2026-01,2026-01-30 03:46:59+00:00,2026-02-05 03:27:26+00:00
3872283003,136631,closed,2026-01,2026-01-29 19:40:22+00:00,2026-03-09 18:25:15+00:00
3872009662,136629,closed,2026-01,2026-01-29 18:24:43+00:00,2026-04-23 16:09:48+00:00
3871783761,136628,closed,2026-01,2026-01-29 17:22:00+00:00,2026-03-17 17:25:45+00:00
3871136537,136627,open,2026-01,2026-01-29 15:01:45+00:00,
3871041580,136626,closed,2026-01,2026-01-29 14:39:57+00:00,2026-02-18 09:41:38+00:00
3869470955,136617,open,2026-01,2026-01-29 08:32:04+00:00,
3868965276,136612,open,2026-01,2026-01-29 05:50:32+00:00,
3868646306,136609,closed,2026-01,2026-01-29 03:51:10+00:00,2026-05-03 03:12:19+00:00
3868201151,136604,open,2026-01,2026-01-29 01:29:51+00:00,
3867388418,136599,closed,2026-01,2026-01-28 20:59:21+00:00,2026-01-28 21:08:03+00:00
3867042071,136597,open,2026-01,2026-01-28 19:33:58+00:00,
3864660710,136591,closed,2026-01,2026-01-28 10:13:55+00:00,2026-02-03 05:42:27+00:00
3863756168,136586,closed,2026-01,2026-01-28 06:12:23+00:00,2026-02-02 04:30:29+00:00
3860077254,136563,closed,2026-01,2026-01-27 11:14:37+00:00,2026-01-27 21:57:57+00:00
3860054515,136562,closed,2026-01,2026-01-27 11:08:10+00:00,2026-01-27 11:08:28+00:00
3859673666,136559,closed,2026-01,2026-01-27 09:32:40+00:00,2026-02-04 01:52:47+00:00
3859268279,136556,open,2026-01,2026-01-27 07:43:11+00:00,
3859160174,136555,closed,2026-01,2026-01-27 07:08:25+00:00,2026-01-27 14:29:58+00:00
3858064188,136553,closed,2026-01,2026-01-26 23:11:29+00:00,2026-01-29 18:07:54+00:00
3857557065,136549,closed,2026-01,2026-01-26 20:34:02+00:00,2026-01-28 12:32:12+00:00
3857286024,136547,closed,2026-01,2026-01-26 19:11:51+00:00,2026-02-03 13:05:02+00:00
3857250874,136546,closed,2026-01,2026-01-26 19:01:39+00:00,2026-01-26 20:39:23+00:00
3857112271,136545,closed,2026-01,2026-01-26 18:22:45+00:00,2026-03-11 18:23:37+00:00
3855965465,136538,open,2026-01,2026-01-26 13:24:23+00:00,
3855820066,136536,open,2026-01,2026-01-26 12:42:15+00:00,
3855591837,136533,closed,2026-01,2026-01-26 11:34:48+00:00,2026-01-28 16:47:59+00:00
3855468453,136531,open,2026-01,2026-01-26 10:55:05+00:00,
3854795619,136527,closed,2026-01,2026-01-26 07:21:46+00:00,2026-03-06 16:52:21+00:00
3854687055,136525,closed,2026-01,2026-01-26 06:33:26+00:00,2026-03-10 22:23:10+00:00
3852600205,136507,closed,2026-01,2026-01-25 05:09:53+00:00,2026-01-25 07:50:35+00:00
3851079410,136497,open,2026-01,2026-01-24 12:44:40+00:00,
3849614945,136485,open,2026-01,2026-01-23 23:16:17+00:00,
3849021788,136481,open,2026-01,2026-01-23 20:14:47+00:00,
3848484938,136475,open,2026-01,2026-01-23 17:42:58+00:00,
3847985300,136473,closed,2026-01,2026-01-23 15:36:45+00:00,2026-02-03 13:48:34+00:00
3847917483,136472,closed,2026-01,2026-01-23 15:21:08+00:00,2026-02-06 22:36:37+00:00
3847848797,136471,open,2026-01,2026-01-23 15:05:00+00:00,
3847075603,136462,open,2026-01,2026-01-23 11:32:55+00:00,
3847066343,136460,closed,2026-01,2026-01-23 11:30:14+00:00,2026-01-28 11:07:54+00:00
3845757602,136448,closed,2026-01,2026-01-23 04:21:19+00:00,2026-02-11 12:00:08+00:00
3843707583,136431,open,2026-01,2026-01-22 16:28:26+00:00,
3843434444,136427,closed,2026-01,2026-01-22 15:23:49+00:00,2026-04-24 23:38:07+00:00
3842277613,136422,open,2026-01,2026-01-22 10:30:42+00:00,
3841883028,136418,closed,2026-01,2026-01-22 08:46:19+00:00,2026-01-22 12:22:07+00:00
3841871564,136417,open,2026-01,2026-01-22 08:43:05+00:00,
3841767265,136415,closed,2026-01,2026-01-22 08:12:49+00:00,2026-02-05 21:50:35+00:00
3839729493,136406,closed,2026-01,2026-01-21 19:35:56+00:00,2026-02-02 10:16:22+00:00
3837477466,136384,closed,2026-01,2026-01-21 09:57:55+00:00,2026-02-11 07:08:31+00:00
3837407870,136382,closed,2026-01,2026-01-21 09:40:50+00:00,2026-02-02 13:32:08+00:00
3837156044,136378,open,2026-01,2026-01-21 08:31:37+00:00,
3836959989,136376,closed,2026-01,2026-01-21 07:30:09+00:00,2026-03-11 05:12:52+00:00
3835322207,136357,closed,2026-01,2026-01-20 20:28:10+00:00,2026-01-22 19:58:12+00:00
3834995420,136350,closed,2026-01,2026-01-20 18:50:49+00:00,2026-01-20 21:17:28+00:00
3834611763,136347,closed,2026-01,2026-01-20 17:05:43+00:00,2026-01-20 20:23:28+00:00
3834370157,136346,closed,2026-01,2026-01-20 15:59:37+00:00,2026-01-22 04:02:42+00:00
3833271809,136340,closed,2026-01,2026-01-20 11:19:56+00:00,2026-01-29 18:37:24+00:00
3833067969,136338,closed,2026-01,2026-01-20 10:25:33+00:00,2026-01-27 07:47:28+00:00
3832844501,136335,closed,2026-01,2026-01-20 09:27:39+00:00,2026-01-20 10:17:26+00:00
3831950503,136333,closed,2026-01,2026-01-20 04:01:23+00:00,2026-03-18 02:53:41+00:00
3831689289,136331,closed,2026-01,2026-01-20 01:39:36+00:00,2026-01-26 16:49:06+00:00
3830160941,136327,open,2026-01,2026-01-19 15:16:04+00:00,
3829258415,136324,open,2026-01,2026-01-19 11:24:39+00:00,
3829190844,136323,closed,2026-01,2026-01-19 11:05:54+00:00,2026-03-15 06:02:05+00:00
3827904523,136316,open,2026-01,2026-01-19 04:10:32+00:00,
3827375276,136313,closed,2026-01,2026-01-18 21:51:27+00:00,2026-05-20 15:01:49+00:00
3827374279,136312,open,2026-01,2026-01-18 21:50:17+00:00,
3827371921,136311,open,2026-01,2026-01-18 21:47:40+00:00,
3827370695,136310,open,2026-01,2026-01-18 21:46:19+00:00,
3827368308,136308,open,2026-01,2026-01-18 21:43:42+00:00,
3827366544,136307,closed,2026-01,2026-01-18 21:41:55+00:00,2026-03-16 23:17:46+00:00
3827364477,136306,open,2026-01,2026-01-18 21:39:44+00:00,
3827362732,136305,open,2026-01,2026-01-18 21:37:48+00:00,
3827360518,136304,open,2026-01,2026-01-18 21:35:31+00:00,
3825537480,136295,open,2026-01,2026-01-17 17:05:05+00:00,
3824349887,136288,closed,2026-01,2026-01-17 04:12:59+00:00,2026-02-26 22:43:57+00:00
3821948478,136275,open,2026-01,2026-01-16 13:02:37+00:00,
3821610436,136272,closed,2026-01,2026-01-16 11:19:07+00:00,2026-01-16 11:57:54+00:00
3819569925,136262,open,2026-01,2026-01-15 23:07:46+00:00,
3819031777,136261,closed,2026-01,2026-01-15 20:22:45+00:00,2026-04-17 07:30:39+00:00
3818966867,136260,closed,2026-01,2026-01-15 20:02:19+00:00,2026-01-22 11:01:34+00:00
3818778874,136255,open,2026-01,2026-01-15 19:05:24+00:00,
3818427238,136250,closed,2026-01,2026-01-15 17:16:23+00:00,2026-05-05 09:42:24+00:00
3816407762,136240,closed,2026-01,2026-01-15 07:54:12+00:00,2026-01-20 22:33:26+00:00
3816221407,136239,closed,2026-01,2026-01-15 06:37:24+00:00,2026-02-12 09:34:01+00:00
3815843871,136237,open,2026-01,2026-01-15 03:28:57+00:00,
3813620359,136228,closed,2026-01,2026-01-14 15:09:21+00:00,2026-03-17 22:49:41+00:00
3812333938,136222,closed,2026-01,2026-01-14 09:26:31+00:00,2026-01-16 11:55:21+00:00
3812274785,136221,open,2026-01,2026-01-14 09:09:36+00:00,
3811996690,136218,open,2026-01,2026-01-14 07:41:57+00:00,
3811500293,136213,closed,2026-01,2026-01-14 04:39:21+00:00,2026-01-14 09:49:02+00:00
3811285778,136210,closed,2026-01,2026-01-14 02:40:19+00:00,2026-01-14 06:10:57+00:00
3809291033,136203,open,2026-01,2026-01-13 15:08:07+00:00,
3808850437,136201,closed,2026-01,2026-01-13 13:25:50+00:00,2026-01-27 10:17:50+00:00
3806972385,136188,closed,2026-01,2026-01-13 03:56:53+00:00,2026-01-15 17:13:43+00:00
3805386976,136181,closed,2026-01,2026-01-12 18:02:16+00:00,2026-01-12 23:55:39+00:00
3805057914,136179,closed,2026-01,2026-01-12 16:27:06+00:00,2026-01-30 09:16:40+00:00
3804838057,136175,open,2026-01,2026-01-12 15:31:04+00:00,
3804131794,136171,open,2026-01,2026-01-12 12:33:33+00:00,
3803843999,136169,open,2026-01,2026-01-12 11:12:03+00:00,
3802564306,136165,closed,2026-01,2026-01-12 02:43:06+00:00,2026-03-30 14:44:51+00:00
3802471205,136163,closed,2026-01,2026-01-12 01:44:27+00:00,2026-03-11 12:57:59+00:00
3801540591,136158,open,2026-01,2026-01-11 16:14:26+00:00,
3799612755,136149,closed,2026-01,2026-01-10 12:23:12+00:00,2026-01-11 19:37:48+00:00
3799610927,136148,closed,2026-01,2026-01-10 12:21:32+00:00,2026-01-11 19:36:22+00:00
3797638619,136144,closed,2026-01,2026-01-09 16:48:45+00:00,2026-01-09 21:02:00+00:00
3796841065,136135,closed,2026-01,2026-01-09 12:51:48+00:00,2026-03-09 19:49:14+00:00
3795795471,136126,closed,2026-01,2026-01-09 07:24:45+00:00,2026-01-11 19:38:44+00:00
3795237754,136121,closed,2026-01,2026-01-09 02:44:40+00:00,2026-01-09 09:35:43+00:00
3795056835,136120,open,2026-01,2026-01-09 01:02:16+00:00,
3794368189,136114,open,2026-01,2026-01-08 20:40:43+00:00,
3794320037,136113,closed,2026-01,2026-01-08 20:26:32+00:00,2026-01-11 19:39:41+00:00
3832552537,136334,open,2026-01,2026-01-08 16:06:21+00:00,
3793001225,136107,open,2026-01,2026-01-08 13:55:34+00:00,
3792657430,136102,closed,2026-01,2026-01-08 12:18:37+00:00,2026-01-08 19:49:59+00:00
3791759882,136095,open,2026-01,2026-01-08 07:39:44+00:00,
3791741782,136094,closed,2026-01,2026-01-08 07:33:39+00:00,2026-01-10 00:17:49+00:00
3791706948,136091,closed,2026-01,2026-01-08 07:22:39+00:00,2026-01-28 00:07:50+00:00
3789820961,136080,closed,2026-01,2026-01-07 18:16:25+00:00,2026-01-09 21:04:41+00:00
3789744968,136078,open,2026-01,2026-01-07 17:52:52+00:00,
3789592331,136075,open,2026-01,2026-01-07 17:10:55+00:00,
3787973831,136062,closed,2026-01,2026-01-07 09:22:04+00:00,2026-01-07 15:59:49+00:00
3787699874,136061,open,2026-01,2026-01-07 07:41:35+00:00,
3785428625,136055,closed,2026-01,2026-01-06 14:55:38+00:00,2026-01-06 16:27:36+00:00
3784289084,136051,closed,2026-01,2026-01-06 08:49:39+00:00,2026-01-12 07:14:21+00:00
3784071306,136049,closed,2026-01,2026-01-06 07:26:57+00:00,2026-01-29 19:52:16+00:00
3783480515,136047,open,2026-01,2026-01-06 02:17:56+00:00,
3782828139,136038,open,2026-01,2026-01-05 20:52:37+00:00,
3782682808,136035,open,2026-01,2026-01-05 19:49:44+00:00,
3782590080,136032,closed,2026-01,2026-01-05 19:12:59+00:00,2026-01-06 02:43:24+00:00
3782220228,136031,closed,2026-01,2026-01-05 17:06:28+00:00,2026-01-06 05:46:39+00:00
3781821545,136030,open,2026-01,2026-01-05 15:05:25+00:00,
3781082757,136027,closed,2026-01,2026-01-05 11:02:56+00:00,2026-01-30 10:55:02+00:00
3780293535,136025,open,2026-01,2026-01-05 06:09:49+00:00,
3780028137,136021,open,2026-01,2026-01-05 03:27:02+00:00,
3777601671,136011,open,2026-01,2026-01-03 02:46:25+00:00,
3777213840,136006,closed,2026-01,2026-01-02 20:37:42+00:00,2026-02-04 17:48:04+00:00
3776607555,136003,open,2026-01,2026-01-02 15:38:42+00:00,
3776585530,136002,open,2026-01,2026-01-02 15:25:10+00:00,
3775936917,135996,open,2026-01,2026-01-02 09:20:32+00:00,
3775241464,135994,open,2026-01,2026-01-01 21:41:36+00:00,
3776041680,135998,open,2026-01,2026-01-01 15:32:07+00:00,
3772922334,135988,closed,2025-12,2025-12-31 14:23:54+00:00,2026-04-22 21:49:32+00:00
3772230049,135985,closed,2025-12,2025-12-31 07:58:39+00:00,2026-02-13 02:48:38+00:00
3770233602,135980,closed,2025-12,2025-12-30 13:38:31+00:00,2026-01-28 16:48:07+00:00
3769722859,135975,closed,2025-12,2025-12-30 10:16:02+00:00,2026-04-01 08:04:28+00:00
3768021888,135972,closed,2025-12,2025-12-29 18:11:15+00:00,2026-05-12 16:34:33+00:00
3766598648,135968,closed,2025-12,2025-12-29 06:57:14+00:00,2026-01-08 18:57:48+00:00
3765916823,135966,open,2025-12,2025-12-28 18:58:08+00:00,
3765716227,135963,closed,2025-12,2025-12-28 14:32:59+00:00,2026-02-10 14:00:03+00:00
3765112936,135960,open,2025-12,2025-12-27 21:56:18+00:00,
3764615958,135953,closed,2025-12,2025-12-27 09:24:00+00:00,2026-01-07 13:31:47+00:00
3763215032,135941,open,2025-12,2025-12-26 10:23:42+00:00,
3762549330,135934,open,2025-12,2025-12-26 02:11:41+00:00,
3761548273,135929,closed,2025-12,2025-12-25 07:24:44+00:00,2026-01-08 17:31:41+00:00
3759141330,135924,closed,2025-12,2025-12-24 04:06:14+00:00,2026-05-24 10:57:47+00:00
3757332122,135910,closed,2025-12,2025-12-23 13:09:14+00:00,2026-02-01 17:33:53+00:00
3757313807,135909,open,2025-12,2025-12-23 13:02:11+00:00,
3757129789,135907,closed,2025-12,2025-12-23 11:54:17+00:00,2025-12-24 05:52:37+00:00
3756896766,135901,closed,2025-12,2025-12-23 10:31:10+00:00,2026-01-20 10:38:51+00:00
3756879848,135900,open,2025-12,2025-12-23 10:24:28+00:00,
3756292296,135898,open,2025-12,2025-12-23 06:44:37+00:00,
3755323258,135895,open,2025-12,2025-12-22 21:48:47+00:00,
3755167793,135894,closed,2025-12,2025-12-22 20:49:35+00:00,2026-01-09 11:09:41+00:00
3754333363,135889,open,2025-12,2025-12-22 16:07:23+00:00,
3752266152,135883,closed,2025-12,2025-12-22 04:27:01+00:00,2026-02-25 00:35:51+00:00
3752206969,135882,closed,2025-12,2025-12-22 03:49:15+00:00,2026-05-13 22:13:56+00:00
3752122650,135881,closed,2025-12,2025-12-22 03:16:33+00:00,2025-12-22 16:49:36+00:00
3751416892,135875,closed,2025-12,2025-12-21 17:59:17+00:00,2025-12-23 10:31:15+00:00
3750100645,135865,closed,2025-12,2025-12-20 14:21:25+00:00,2026-01-22 20:01:28+00:00
3750063839,135864,closed,2025-12,2025-12-20 13:33:47+00:00,2026-01-11 19:41:39+00:00
3749810294,135861,closed,2025-12,2025-12-20 08:56:19+00:00,2025-12-22 17:08:41+00:00
3749460418,135860,closed,2025-12,2025-12-20 02:47:28+00:00,2026-02-04 13:20:46+00:00
3748894795,135858,closed,2025-12,2025-12-19 21:11:50+00:00,2026-03-31 06:40:42+00:00
3748892547,135857,closed,2025-12,2025-12-19 21:11:12+00:00,2026-05-19 20:40:59+00:00
3747890930,135848,closed,2025-12,2025-12-19 15:26:30+00:00,2026-01-31 08:53:14+00:00
3745665866,135841,open,2025-12,2025-12-19 01:57:55+00:00,
3744271634,135835,closed,2025-12,2025-12-18 18:22:17+00:00,2026-01-07 14:35:48+00:00
3743453522,135831,open,2025-12,2025-12-18 14:41:56+00:00,
3743118500,135827,closed,2025-12,2025-12-18 13:14:16+00:00,2026-03-19 06:25:18+00:00
3742984411,135825,closed,2025-12,2025-12-18 12:43:52+00:00,2026-01-29 21:37:57+00:00
3742634961,135822,closed,2025-12,2025-12-18 11:10:25+00:00,2025-12-19 04:16:33+00:00
3742519044,135819,closed,2025-12,2025-12-18 10:42:43+00:00,2026-05-19 20:40:58+00:00
3741993413,135809,open,2025-12,2025-12-18 08:23:09+00:00,
3740919983,135803,closed,2025-12,2025-12-18 00:23:31+00:00,2025-12-18 16:17:57+00:00
3740879679,135802,closed,2025-12,2025-12-18 00:01:24+00:00,2026-02-03 01:57:44+00:00
3740668967,135801,closed,2025-12,2025-12-17 22:02:49+00:00,2025-12-20 02:18:06+00:00
3740163625,135798,closed,2025-12,2025-12-17 19:23:10+00:00,2025-12-17 19:24:48+00:00
3739653598,135797,closed,2025-12,2025-12-17 16:46:18+00:00,2026-05-16 17:51:22+00:00
3739289486,135796,closed,2025-12,2025-12-17 15:08:45+00:00,2026-01-06 03:55:48+00:00
3739132990,135795,closed,2025-12,2025-12-17 14:26:02+00:00,2026-01-11 09:32:02+00:00
3737301907,135786,closed,2025-12,2025-12-17 04:37:46+00:00,2025-12-17 13:39:55+00:00
3737214927,135783,open,2025-12,2025-12-17 03:46:33+00:00,
3735434275,135772,open,2025-12,2025-12-16 16:09:32+00:00,
3734885526,135771,open,2025-12,2025-12-16 13:53:09+00:00,
3810730567,136207,open,2025-12,2025-12-16 06:03:27+00:00,
3732841510,135764,closed,2025-12,2025-12-16 02:31:36+00:00,2025-12-16 13:14:23+00:00
3732625523,135762,closed,2025-12,2025-12-16 00:35:03+00:00,2025-12-18 03:13:12+00:00
3731238206,135757,open,2025-12,2025-12-15 16:34:42+00:00,
3728137267,135752,open,2025-12,2025-12-14 22:44:06+00:00,
3726857723,135747,closed,2025-12,2025-12-14 06:33:30+00:00,2025-12-18 10:10:32+00:00
3726471591,135745,closed,2025-12,2025-12-13 22:49:14+00:00,2025-12-14 00:18:53+00:00
3726030551,135741,closed,2025-12,2025-12-13 14:31:25+00:00,2026-01-16 20:03:18+00:00
3724359063,135737,closed,2025-12,2025-12-12 18:10:11+00:00,2026-02-10 16:42:59+00:00
3724235694,135736,closed,2025-12,2025-12-12 17:24:01+00:00,2026-05-14 01:12:20+00:00
3721163261,135726,open,2025-12,2025-12-11 22:22:18+00:00,
3720172350,135722,closed,2025-12,2025-12-11 16:49:11+00:00,2025-12-11 16:50:21+00:00
3720159354,135721,closed,2025-12,2025-12-11 16:44:52+00:00,2026-02-28 14:23:18+00:00
3719799668,135718,open,2025-12,2025-12-11 15:09:33+00:00,
3719767317,135717,closed,2025-12,2025-12-11 15:00:41+00:00,2026-01-08 15:09:43+00:00
3717759164,135713,closed,2025-12,2025-12-11 04:55:53+00:00,2026-03-21 17:58:26+00:00
3717743135,135712,closed,2025-12,2025-12-11 04:48:32+00:00,2025-12-12 04:04:14+00:00
3717557799,135711,open,2025-12,2025-12-11 03:15:02+00:00,
3716356886,135705,open,2025-12,2025-12-10 18:38:52+00:00,
3715563222,135703,closed,2025-12,2025-12-10 14:57:36+00:00,2026-01-14 03:19:44+00:00
3715562806,135702,closed,2025-12,2025-12-10 14:57:34+00:00,2025-12-10 15:29:58+00:00
3714348232,135698,open,2025-12,2025-12-10 09:30:33+00:00,
3714333596,135697,closed,2025-12,2025-12-10 09:26:39+00:00,2025-12-10 11:39:31+00:00
3712671351,135684,closed,2025-12,2025-12-09 21:14:32+00:00,2026-01-16 03:55:13+00:00
3710427440,135678,open,2025-12,2025-12-09 11:21:44+00:00,
3710106554,135677,closed,2025-12,2025-12-09 09:57:28+00:00,2026-05-08 11:55:47+00:00
3707903645,135670,open,2025-12,2025-12-08 20:27:55+00:00,
3707805444,135669,closed,2025-12,2025-12-08 19:56:12+00:00,2026-01-13 15:01:14+00:00
3707786499,135667,closed,2025-12,2025-12-08 19:48:49+00:00,2026-01-13 15:00:43+00:00
3706453902,135662,closed,2025-12,2025-12-08 13:40:11+00:00,2026-02-10 09:18:03+00:00
3705926421,135661,closed,2025-12,2025-12-08 11:25:59+00:00,2026-04-29 18:51:24+00:00
3703745988,135657,closed,2025-12,2025-12-07 17:30:38+00:00,2026-05-10 21:31:50+00:00
3703549939,135654,closed,2025-12,2025-12-07 14:23:31+00:00,2025-12-07 14:23:57+00:00
3703546817,135653,closed,2025-12,2025-12-07 14:20:17+00:00,2025-12-07 14:20:43+00:00
3703366106,135652,closed,2025-12,2025-12-07 10:55:40+00:00,2025-12-08 08:41:32+00:00
3703153116,135649,closed,2025-12,2025-12-07 06:37:40+00:00,2025-12-08 00:49:22+00:00
3701338396,135646,closed,2025-12,2025-12-06 09:15:10+00:00,2026-05-05 11:08:45+00:00
3700942499,135640,closed,2025-12,2025-12-06 03:33:20+00:00,2026-01-26 16:54:03+00:00
3700891503,135639,closed,2025-12,2025-12-06 02:45:00+00:00,2026-04-09 16:37:50+00:00
3699551559,135628,closed,2025-12,2025-12-05 16:18:01+00:00,2025-12-19 19:52:35+00:00
3699523578,135627,closed,2025-12,2025-12-05 16:07:54+00:00,2026-02-10 17:46:01+00:00
3699196674,135624,closed,2025-12,2025-12-05 14:29:03+00:00,2026-01-08 11:49:39+00:00
3698985204,135622,closed,2025-12,2025-12-05 13:26:05+00:00,2025-12-18 07:28:43+00:00
3698926098,135621,closed,2025-12,2025-12-05 13:07:34+00:00,2025-12-18 07:28:59+00:00
3698621359,135616,closed,2025-12,2025-12-05 11:32:24+00:00,2025-12-10 12:29:53+00:00
3694838092,135588,closed,2025-12,2025-12-04 14:03:33+00:00,2026-04-07 09:57:13+00:00
3694207123,135583,closed,2025-12,2025-12-04 11:33:10+00:00,2025-12-05 07:33:39+00:00
3694051936,135582,closed,2025-12,2025-12-04 10:56:26+00:00,2025-12-05 02:06:54+00:00
3691640520,135575,closed,2025-12,2025-12-03 19:40:37+00:00,2025-12-04 17:33:49+00:00
3689089713,135566,open,2025-12,2025-12-03 08:35:08+00:00,
3688063272,135561,closed,2025-12,2025-12-03 01:07:52+00:00,2026-01-22 19:56:38+00:00
3687342213,135558,closed,2025-12,2025-12-02 19:58:22+00:00,2026-03-12 17:19:43+00:00
3686880569,135556,closed,2025-12,2025-12-02 17:36:53+00:00,2026-05-01 19:29:42+00:00
3686834315,135554,closed,2025-12,2025-12-02 17:24:20+00:00,2026-01-14 18:54:38+00:00
3686337665,135552,open,2025-12,2025-12-02 15:23:31+00:00,
3686138984,135550,closed,2025-12,2025-12-02 14:37:17+00:00,2026-03-15 06:05:34+00:00
3686006969,135546,open,2025-12,2025-12-02 14:03:18+00:00,
3684809519,135544,open,2025-12,2025-12-02 08:57:18+00:00,
3684591579,135542,open,2025-12,2025-12-02 07:56:41+00:00,
3684516193,135541,closed,2025-12,2025-12-02 07:33:43+00:00,2026-04-10 13:18:22+00:00
3684348541,135540,open,2025-12,2025-12-02 06:48:30+00:00,
3680073085,135528,closed,2025-12,2025-12-01 09:25:57+00:00,2026-04-22 21:49:07+00:00
3679849128,135527,closed,2025-12,2025-12-01 08:27:01+00:00,2025-12-06 12:19:27+00:00
3678577658,135525,closed,2025-11,2025-11-30 23:08:37+00:00,2025-12-03 15:37:22+00:00
3678424302,135523,closed,2025-11,2025-11-30 21:18:44+00:00,2025-12-20 02:21:14+00:00
3677548210,135519,closed,2025-11,2025-11-30 09:07:41+00:00,2025-12-01 11:13:41+00:00
3677545557,135518,closed,2025-11,2025-11-30 09:04:38+00:00,2026-05-03 11:43:43+00:00
3676977118,135512,closed,2025-11,2025-11-29 18:10:34+00:00,2025-12-18 06:36:53+00:00
3674894409,135497,closed,2025-11,2025-11-28 13:12:09+00:00,2025-12-10 20:11:19+00:00
3674357884,135493,closed,2025-11,2025-11-28 10:15:12+00:00,2026-05-23 07:38:47+00:00
3674073864,135491,closed,2025-11,2025-11-28 08:38:04+00:00,2026-04-27 10:22:47+00:00
3673956134,135490,open,2025-11,2025-11-28 07:49:14+00:00,
3671892982,135487,open,2025-11,2025-11-27 14:38:29+00:00,
3671143714,135483,closed,2025-11,2025-11-27 12:00:14+00:00,2026-04-27 14:22:48+00:00
3670443281,135478,open,2025-11,2025-11-27 08:48:21+00:00,
3669952971,135475,closed,2025-11,2025-11-27 05:45:43+00:00,2026-03-12 10:01:39+00:00
3669946347,135474,open,2025-11,2025-11-27 05:42:32+00:00,
3669941129,135473,open,2025-11,2025-11-27 05:40:04+00:00,
3669934398,135472,closed,2025-11,2025-11-27 05:36:23+00:00,2026-04-23 07:35:02+00:00
3668553330,135463,closed,2025-11,2025-11-26 18:06:36+00:00,2025-12-18 07:27:17+00:00
3667636373,135459,closed,2025-11,2025-11-26 13:57:55+00:00,2025-11-28 10:25:06+00:00
3666826754,135456,closed,2025-11,2025-11-26 10:13:00+00:00,2026-03-11 13:02:19+00:00
3666437580,135453,closed,2025-11,2025-11-26 08:31:09+00:00,2025-11-26 18:08:22+00:00
3666435942,135452,open,2025-11,2025-11-26 08:30:43+00:00,
3665601503,135450,closed,2025-11,2025-11-26 03:48:08+00:00,2025-11-26 11:23:18+00:00
3665447229,135449,open,2025-11,2025-11-26 02:42:31+00:00,
3661740316,135439,closed,2025-11,2025-11-25 06:55:30+00:00,2025-11-26 02:33:05+00:00
3660523525,135435,closed,2025-11,2025-11-24 21:04:46+00:00,2025-11-25 11:10:29+00:00
3659024251,135430,closed,2025-11,2025-11-24 13:53:51+00:00,2026-01-15 18:52:07+00:00
3658734832,135425,closed,2025-11,2025-11-24 12:46:11+00:00,2025-11-28 08:00:23+00:00
3658699401,135424,closed,2025-11,2025-11-24 12:37:37+00:00,2026-03-10 04:44:53+00:00
3658484853,135423,open,2025-11,2025-11-24 11:37:58+00:00,
3658102374,135422,closed,2025-11,2025-11-24 10:08:47+00:00,2025-11-26 20:46:22+00:00
3657650376,135417,closed,2025-11,2025-11-24 08:19:56+00:00,2026-01-13 03:03:37+00:00
3656137379,135411,open,2025-11,2025-11-23 15:28:18+00:00,
3655997117,135410,closed,2025-11,2025-11-23 13:30:46+00:00,2025-12-17 10:25:17+00:00
3655844046,135408,closed,2025-11,2025-11-23 11:06:05+00:00,2025-11-24 17:26:24+00:00
3655020263,135404,closed,2025-11,2025-11-22 19:53:37+00:00,2026-01-06 14:19:51+00:00
3654988964,135403,closed,2025-11,2025-11-22 19:12:21+00:00,2026-03-10 08:30:25+00:00
3651181716,135387,closed,2025-11,2025-11-21 10:52:53+00:00,2026-04-20 12:48:41+00:00
3650714963,135384,closed,2025-11,2025-11-21 08:28:53+00:00,2026-02-02 08:28:57+00:00
3649737616,135379,closed,2025-11,2025-11-21 00:49:15+00:00,2026-04-21 04:54:40+00:00
3648713279,135376,open,2025-11,2025-11-20 19:17:47+00:00,
3648067588,135375,closed,2025-11,2025-11-20 16:31:12+00:00,2026-01-12 16:54:15+00:00
3648040275,135374,open,2025-11,2025-11-20 16:24:39+00:00,
3647986598,135373,open,2025-11,2025-11-20 16:11:45+00:00,
3647817124,135370,closed,2025-11,2025-11-20 15:33:02+00:00,2025-12-18 05:42:17+00:00
3644415200,135357,closed,2025-11,2025-11-19 21:03:11+00:00,2026-01-08 20:41:40+00:00
3644110489,135354,closed,2025-11,2025-11-19 19:20:22+00:00,2025-12-18 05:41:39+00:00
3643834606,135352,closed,2025-11,2025-11-19 18:01:33+00:00,2025-11-25 17:48:39+00:00
3643824786,135351,open,2025-11,2025-11-19 17:58:33+00:00,
3642430401,135349,open,2025-11,2025-11-19 12:06:04+00:00,
3640729615,135345,closed,2025-11,2025-11-19 02:11:40+00:00,2025-12-04 17:22:54+00:00
3640449466,135344,closed,2025-11,2025-11-19 00:02:04+00:00,2026-02-05 20:58:31+00:00
3639098618,135341,closed,2025-11,2025-11-18 16:50:28+00:00,2026-04-24 15:16:27+00:00
3636381742,135333,closed,2025-11,2025-11-18 06:28:29+00:00,2025-12-04 18:21:03+00:00
3634696991,135329,closed,2025-11,2025-11-17 19:18:04+00:00,2026-03-19 16:58:56+00:00
3633999632,135326,closed,2025-11,2025-11-17 16:11:08+00:00,2025-12-13 11:47:52+00:00
3631607664,135323,closed,2025-11,2025-11-17 03:39:04+00:00,2025-12-18 06:36:45+00:00
3631273307,135321,closed,2025-11,2025-11-16 23:33:26+00:00,2026-03-17 07:50:06+00:00
3630569110,135318,open,2025-11,2025-11-16 13:39:16+00:00,
3630200865,135317,closed,2025-11,2025-11-16 08:14:53+00:00,2026-01-07 21:31:48+00:00
3629166030,135315,closed,2025-11,2025-11-15 19:52:57+00:00,2026-02-11 00:42:00+00:00
3629135604,135314,closed,2025-11,2025-11-15 19:25:59+00:00,2025-11-20 18:54:17+00:00
3628509138,135312,closed,2025-11,2025-11-15 10:51:39+00:00,2025-11-15 19:12:56+00:00
3628389143,135311,open,2025-11,2025-11-15 09:23:38+00:00,
3623618898,135299,open,2025-11,2025-11-14 02:28:56+00:00,
3622857498,135296,open,2025-11,2025-11-13 21:16:16+00:00,
3622699331,135294,open,2025-11,2025-11-13 20:23:20+00:00,
3622556472,135292,closed,2025-11,2025-11-13 19:39:07+00:00,2025-11-17 20:25:37+00:00
3620379319,135285,open,2025-11,2025-11-13 09:40:48+00:00,
3617562698,135282,open,2025-11,2025-11-12 17:42:43+00:00,
3617484464,135280,closed,2025-11,2025-11-12 17:18:00+00:00,2026-04-11 18:43:53+00:00
3617391496,135279,open,2025-11,2025-11-12 16:55:46+00:00,
3617208508,135277,closed,2025-11,2025-11-12 16:07:11+00:00,2025-11-13 17:15:41+00:00
3616753283,135274,closed,2025-11,2025-11-12 14:15:35+00:00,2025-11-13 04:47:38+00:00
3616323057,135273,open,2025-11,2025-11-12 12:22:03+00:00,
3616048424,135272,closed,2025-11,2025-11-12 10:59:19+00:00,2025-11-14 02:43:53+00:00
3615523783,135269,closed,2025-11,2025-11-12 08:35:14+00:00,2026-01-20 10:46:53+00:00
3615384679,135267,closed,2025-11,2025-11-12 07:48:09+00:00,2025-11-13 12:34:06+00:00
3615236813,135266,closed,2025-11,2025-11-12 06:55:02+00:00,2025-12-18 07:28:03+00:00
3614459907,135260,closed,2025-11,2025-11-12 01:17:33+00:00,2026-02-20 03:45:38+00:00
3612180870,135252,closed,2025-11,2025-11-11 12:47:12+00:00,2025-11-11 16:12:17+00:00
3611732706,135248,closed,2025-11,2025-11-11 10:41:39+00:00,2026-04-18 20:21:58+00:00
3610574903,135247,closed,2025-11,2025-11-11 03:47:55+00:00,2025-11-12 15:59:51+00:00
3610546014,135245,open,2025-11,2025-11-11 03:29:47+00:00,
3609420704,135243,open,2025-11,2025-11-10 19:37:56+00:00,
3606625119,135239,closed,2025-11,2025-11-10 07:53:07+00:00,2025-11-14 02:41:31+00:00
3604967823,135236,closed,2025-11,2025-11-09 13:15:36+00:00,2025-11-20 14:50:33+00:00
3603601324,135233,closed,2025-11,2025-11-08 14:11:51+00:00,2025-11-09 11:17:11+00:00
3602429337,135230,open,2025-11,2025-11-08 00:06:48+00:00,
3600869743,135223,closed,2025-11,2025-11-07 15:35:05+00:00,2025-11-08 20:14:53+00:00
3599981355,135222,closed,2025-11,2025-11-07 11:48:08+00:00,2026-01-08 13:09:41+00:00
3599267164,135218,open,2025-11,2025-11-07 08:31:33+00:00,
3598705521,135214,open,2025-11,2025-11-07 04:52:53+00:00,
3598576116,135210,closed,2025-11,2025-11-07 03:55:44+00:00,2025-12-18 03:59:33+00:00
3598260426,135205,open,2025-11,2025-11-07 01:33:34+00:00,
3597577521,135198,closed,2025-11,2025-11-06 20:47:00+00:00,2026-03-06 15:49:08+00:00
3597053615,135190,closed,2025-11,2025-11-06 18:31:59+00:00,2026-02-25 23:46:23+00:00
3596730931,135185,closed,2025-11,2025-11-06 17:08:38+00:00,2026-01-07 21:45:39+00:00
3596415185,135184,closed,2025-11,2025-11-06 15:48:49+00:00,2025-11-06 20:43:24+00:00
3595303501,135178,closed,2025-11,2025-11-06 11:07:16+00:00,2026-04-19 04:22:58+00:00
3595287432,135177,closed,2025-11,2025-11-06 11:04:01+00:00,2025-11-06 18:07:02+00:00
3594730536,135175,closed,2025-11,2025-11-06 08:40:09+00:00,2025-11-24 17:39:21+00:00
3594460463,135169,closed,2025-11,2025-11-06 07:21:14+00:00,2025-11-13 15:08:15+00:00
3593998825,135163,open,2025-11,2025-11-06 04:40:29+00:00,
3593776761,135162,open,2025-11,2025-11-06 03:33:54+00:00,
3593620907,135159,closed,2025-11,2025-11-06 02:39:40+00:00,2026-04-05 04:18:24+00:00
3592259765,135150,closed,2025-11,2025-11-05 18:14:05+00:00,2025-11-06 06:49:06+00:00
3591881854,135145,closed,2025-11,2025-11-05 16:31:56+00:00,2025-11-06 05:57:20+00:00
3591801095,135144,closed,2025-11,2025-11-05 16:13:07+00:00,2025-11-06 02:53:13+00:00
3591341930,135141,closed,2025-11,2025-11-05 14:26:29+00:00,2025-12-18 07:28:26+00:00
3590505065,135136,closed,2025-11,2025-11-05 11:13:00+00:00,2026-05-22 12:24:47+00:00
3590114219,135132,closed,2025-11,2025-11-05 09:34:23+00:00,2025-11-05 14:24:15+00:00
3589973620,135127,open,2025-11,2025-11-05 08:57:09+00:00,
3588103750,135115,closed,2025-11,2025-11-04 20:46:37+00:00,2026-05-06 17:26:46+00:00
3587781760,135113,closed,2025-11,2025-11-04 18:33:02+00:00,2026-02-25 18:42:28+00:00
3587579675,135111,open,2025-11,2025-11-04 17:33:52+00:00,
3587503627,135110,closed,2025-11,2025-11-04 17:14:03+00:00,2026-04-03 18:55:21+00:00
3587426939,135107,closed,2025-11,2025-11-04 16:53:57+00:00,2025-12-08 20:37:36+00:00
3586573690,135099,closed,2025-11,2025-11-04 13:22:06+00:00,2025-11-04 22:48:56+00:00
3584539655,135089,closed,2025-11,2025-11-04 03:08:43+00:00,2025-11-06 19:51:22+00:00
3584334068,135086,closed,2025-11,2025-11-04 01:23:02+00:00,2025-11-05 19:27:00+00:00
3584090049,135083,closed,2025-11,2025-11-03 23:19:35+00:00,2025-11-04 02:58:51+00:00
3584065041,135082,open,2025-11,2025-11-03 23:06:24+00:00,
3583697963,135076,closed,2025-11,2025-11-03 20:48:17+00:00,2026-03-12 00:45:36+00:00
3583558619,135075,closed,2025-11,2025-11-03 20:05:46+00:00,2026-05-11 23:42:10+00:00
3583460583,135074,open,2025-11,2025-11-03 19:38:03+00:00,
3583423322,135073,open,2025-11,2025-11-03 19:26:25+00:00,
3582584876,135063,open,2025-11,2025-11-03 15:33:11+00:00,
3582490094,135061,closed,2025-11,2025-11-03 15:09:53+00:00,2025-11-03 19:55:35+00:00
3582001582,135058,open,2025-11,2025-11-03 13:09:39+00:00,
3580398138,135049,closed,2025-11,2025-11-03 03:24:19+00:00,2025-11-03 09:48:29+00:00
3579425951,135041,closed,2025-11,2025-11-02 10:53:04+00:00,2025-11-03 18:21:39+00:00
3579035822,135040,closed,2025-11,2025-11-02 07:00:40+00:00,2025-11-03 09:56:07+00:00
3579031254,135039,closed,2025-11,2025-11-02 06:52:07+00:00,2025-11-03 09:56:07+00:00
3578122486,135034,closed,2025-11,2025-11-01 15:31:29+00:00,2025-12-13 06:15:12+00:00
3578089880,135033,closed,2025-11,2025-11-01 14:58:14+00:00,2025-11-07 11:51:39+00:00
3577531212,135032,closed,2025-11,2025-11-01 08:43:38+00:00,2025-11-03 16:34:23+00:00
3577454785,135030,closed,2025-11,2025-11-01 07:36:56+00:00,2025-11-06 02:52:52+00:00
3577404329,135029,closed,2025-11,2025-11-01 06:56:43+00:00,2025-11-03 16:35:55+00:00
3577271173,135026,open,2025-11,2025-11-01 05:21:15+00:00,
3576079944,135015,closed,2025-10,2025-10-31 18:49:06+00:00,2025-10-31 19:07:44+00:00
3575996822,135013,closed,2025-10,2025-10-31 18:27:41+00:00,2025-11-14 22:05:29+00:00
3575165502,135009,closed,2025-10,2025-10-31 14:21:58+00:00,2025-11-05 17:41:38+00:00
3575019658,135008,closed,2025-10,2025-10-31 13:43:14+00:00,2025-11-11 12:39:22+00:00
3573902403,135001,closed,2025-10,2025-10-31 08:37:22+00:00,2025-11-05 13:53:01+00:00
3573749478,134999,closed,2025-10,2025-10-31 07:50:57+00:00,2025-12-18 03:59:18+00:00
3573745572,134998,closed,2025-10,2025-10-31 07:49:35+00:00,2025-11-19 14:14:39+00:00
3573620421,134996,closed,2025-10,2025-10-31 06:56:04+00:00,2026-03-04 15:28:21+00:00
3572609587,134993,open,2025-10,2025-10-30 21:46:47+00:00,
3572169123,134986,closed,2025-10,2025-10-30 19:18:40+00:00,2026-04-09 04:04:27+00:00
3571084847,134975,open,2025-10,2025-10-30 14:32:43+00:00,
3570494051,134972,open,2025-10,2025-10-30 12:11:11+00:00,
3570001161,134970,open,2025-10,2025-10-30 10:18:49+00:00,
3569923922,134968,closed,2025-10,2025-10-30 10:04:00+00:00,2025-10-30 12:53:11+00:00
3568990209,134961,closed,2025-10,2025-10-30 05:24:36+00:00,2025-11-05 08:45:01+00:00
3568307547,134958,closed,2025-10,2025-10-29 23:13:25+00:00,2025-10-31 19:57:53+00:00
3568236514,134957,closed,2025-10,2025-10-29 22:49:39+00:00,2025-10-30 21:47:28+00:00
3567246256,134954,open,2025-10,2025-10-29 18:06:14+00:00,
3564864555,134940,open,2025-10,2025-10-29 08:22:39+00:00,
3564685929,134939,closed,2025-10,2025-10-29 07:18:55+00:00,2026-01-17 01:29:17+00:00
3564550232,134938,closed,2025-10,2025-10-29 06:24:13+00:00,2025-11-18 14:59:42+00:00
3561594062,134929,closed,2025-10,2025-10-28 13:31:12+00:00,2026-03-17 17:56:00+00:00
3561580331,134928,open,2025-10,2025-10-28 13:28:13+00:00,
3556986207,134908,open,2025-10,2025-10-27 14:09:33+00:00,
3555696249,134902,closed,2025-10,2025-10-27 08:49:44+00:00,2026-05-15 22:41:22+00:00
3555366071,134901,closed,2025-10,2025-10-27 07:05:11+00:00,2025-10-27 21:21:36+00:00
3555301153,134900,closed,2025-10,2025-10-27 06:43:04+00:00,2026-03-26 16:20:35+00:00
3555169968,134899,closed,2025-10,2025-10-27 05:53:10+00:00,2025-10-29 23:01:02+00:00
3555136114,134898,closed,2025-10,2025-10-27 05:37:35+00:00,2025-10-29 23:01:07+00:00
3554452955,134895,closed,2025-10,2025-10-26 21:13:30+00:00,2026-05-05 04:07:45+00:00
3554161265,134894,closed,2025-10,2025-10-26 16:12:58+00:00,2026-03-26 18:22:43+00:00
3553762418,134891,closed,2025-10,2025-10-26 10:51:36+00:00,2026-03-25 12:04:30+00:00
3552710938,134884,closed,2025-10,2025-10-25 16:48:05+00:00,2025-11-25 16:51:42+00:00
3552618941,134880,closed,2025-10,2025-10-25 15:19:13+00:00,2025-11-07 06:39:26+00:00
3552104513,134878,closed,2025-10,2025-10-25 08:27:44+00:00,2026-01-23 10:10:40+00:00
3551929487,134877,closed,2025-10,2025-10-25 06:21:57+00:00,2026-03-24 07:50:27+00:00
3551908957,134876,closed,2025-10,2025-10-25 06:03:52+00:00,2026-03-28 03:40:59+00:00
3550452837,134862,open,2025-10,2025-10-24 17:57:42+00:00,
3549901252,134859,closed,2025-10,2025-10-24 15:01:49+00:00,2026-04-17 16:01:59+00:00
3549530235,134853,closed,2025-10,2025-10-24 13:31:29+00:00,2025-10-25 04:37:59+00:00
3547744955,134843,closed,2025-10,2025-10-24 05:42:29+00:00,2025-10-24 12:50:45+00:00
3547160212,134837,open,2025-10,2025-10-24 00:58:50+00:00,
3546774363,134832,open,2025-10,2025-10-23 22:05:58+00:00,
3546752848,134831,closed,2025-10,2025-10-23 21:58:59+00:00,2026-01-30 10:08:36+00:00
3546608295,134828,closed,2025-10,2025-10-23 21:14:05+00:00,2025-10-24 00:05:35+00:00
3545306011,134819,closed,2025-10,2025-10-23 15:44:17+00:00,2025-10-23 19:47:35+00:00
3544965634,134817,open,2025-10,2025-10-23 14:31:28+00:00,
3544655484,134815,closed,2025-10,2025-10-23 13:14:35+00:00,2026-03-23 16:40:28+00:00
3543667875,134813,open,2025-10,2025-10-23 08:24:19+00:00,
3543446829,134810,closed,2025-10,2025-10-23 07:09:03+00:00,2026-04-02 03:38:03+00:00
3543210028,134808,closed,2025-10,2025-10-23 05:28:34+00:00,2026-02-12 19:15:57+00:00
3542856883,134804,closed,2025-10,2025-10-23 01:51:05+00:00,2025-10-23 01:52:14+00:00
3542566956,134799,open,2025-10,2025-10-22 22:34:56+00:00,
3542126897,134792,closed,2025-10,2025-10-22 19:30:07+00:00,2026-01-21 21:55:14+00:00
3542037702,134789,closed,2025-10,2025-10-22 19:02:39+00:00,2025-11-03 21:24:06+00:00
3541324611,134783,closed,2025-10,2025-10-22 15:21:41+00:00,2025-11-06 23:19:01+00:00
3540199282,134774,closed,2025-10,2025-10-22 10:18:21+00:00,2026-03-21 13:12:26+00:00
3540069919,134773,closed,2025-10,2025-10-22 09:48:46+00:00,2025-11-10 14:49:34+00:00
3539946505,134772,open,2025-10,2025-10-22 09:22:07+00:00,
3539730011,134771,closed,2025-10,2025-10-22 08:38:55+00:00,2025-11-24 07:10:32+00:00
3537020490,134751,open,2025-10,2025-10-21 15:16:34+00:00,
3536887349,134750,closed,2025-10,2025-10-21 14:41:13+00:00,2026-03-22 18:28:27+00:00
3534031784,134737,closed,2025-10,2025-10-20 21:37:41+00:00,2025-10-23 00:38:47+00:00
3532703309,134732,closed,2025-10,2025-10-20 14:37:23+00:00,2025-11-05 17:17:36+00:00
3532253508,134728,closed,2025-10,2025-10-20 12:27:15+00:00,2026-03-19 13:46:26+00:00
3531475355,134720,open,2025-10,2025-10-20 08:12:35+00:00,
3529703923,134712,closed,2025-10,2025-10-19 08:16:08+00:00,2026-03-26 03:10:29+00:00
3528442073,134705,closed,2025-10,2025-10-18 09:30:08+00:00,2025-10-22 18:54:41+00:00
3528257399,134704,closed,2025-10,2025-10-18 07:41:10+00:00,2025-10-21 18:44:40+00:00
3527963588,134700,open,2025-10,2025-10-18 02:14:42+00:00,
3527959964,134699,open,2025-10,2025-10-18 02:09:43+00:00,
3527959662,134698,open,2025-10,2025-10-18 02:09:15+00:00,
3527959325,134697,open,2025-10,2025-10-18 02:08:43+00:00,
3527958834,134696,open,2025-10,2025-10-18 02:08:04+00:00,
3527454685,134694,closed,2025-10,2025-10-17 20:29:16+00:00,2025-10-18 04:56:41+00:00
3526875594,134689,open,2025-10,2025-10-17 17:01:06+00:00,
3526436186,134684,open,2025-10,2025-10-17 14:42:34+00:00,
3525361714,134673,closed,2025-10,2025-10-17 10:04:32+00:00,2025-10-23 00:38:40+00:00
3525305285,134672,closed,2025-10,2025-10-17 09:47:20+00:00,2026-03-16 10:58:40+00:00
3525291833,134671,open,2025-10,2025-10-17 09:42:32+00:00,
3524976555,134669,closed,2025-10,2025-10-17 08:07:45+00:00,2025-10-20 20:36:45+00:00
3523631846,134666,closed,2025-10,2025-10-16 21:54:14+00:00,2026-03-26 19:23:32+00:00
3522201561,134651,closed,2025-10,2025-10-16 14:39:13+00:00,2026-03-15 15:46:38+00:00
3522053088,134648,open,2025-10,2025-10-16 14:05:12+00:00,
3521218948,134643,closed,2025-10,2025-10-16 10:15:25+00:00,2026-03-12 16:03:30+00:00
3521149202,134640,closed,2025-10,2025-10-16 09:53:41+00:00,2025-12-18 18:13:19+00:00
3518516367,134622,closed,2025-10,2025-10-15 15:18:13+00:00,2025-10-16 06:23:35+00:00
3518036039,134620,closed,2025-10,2025-10-15 13:22:48+00:00,2025-10-21 04:12:15+00:00
3517512466,134616,closed,2025-10,2025-10-15 11:02:03+00:00,2025-10-15 19:08:14+00:00
3516663599,134610,closed,2025-10,2025-10-15 07:09:28+00:00,2026-03-14 08:31:37+00:00
3516183012,134609,closed,2025-10,2025-10-15 03:18:43+00:00,2025-10-15 03:30:07+00:00
3515881945,134606,open,2025-10,2025-10-14 23:57:22+00:00,
3515603653,134604,closed,2025-10,2025-10-14 21:42:15+00:00,2025-10-22 18:00:34+00:00
3512585261,134581,closed,2025-10,2025-10-14 06:45:11+00:00,2025-11-04 16:06:26+00:00
3512321081,134580,closed,2025-10,2025-10-14 04:34:55+00:00,2025-10-15 17:43:36+00:00
3510702317,134571,closed,2025-10,2025-10-13 16:32:53+00:00,2025-10-14 10:57:59+00:00
3510695089,134570,closed,2025-10,2025-10-13 16:30:11+00:00,2025-10-20 20:36:37+00:00
3510497561,134569,closed,2025-10,2025-10-13 15:28:32+00:00,2025-12-18 00:26:41+00:00
3509898569,134568,closed,2025-10,2025-10-13 12:36:40+00:00,2026-04-22 21:49:16+00:00
3509217252,134566,open,2025-10,2025-10-13 09:33:14+00:00,
3509176684,134565,closed,2025-10,2025-10-13 09:21:23+00:00,2026-04-22 22:45:53+00:00
3509080941,134563,closed,2025-10,2025-10-13 08:54:06+00:00,2025-12-18 03:59:40+00:00
3508982499,134561,closed,2025-10,2025-10-13 08:24:07+00:00,2025-10-16 17:25:36+00:00
3508443145,134557,closed,2025-10,2025-10-13 04:46:50+00:00,2025-10-13 12:24:59+00:00
3507533893,134551,closed,2025-10,2025-10-12 16:55:50+00:00,2025-10-14 08:12:50+00:00
3507325374,134550,closed,2025-10,2025-10-12 14:55:35+00:00,2026-05-11 16:14:58+00:00
3505105178,134538,closed,2025-10,2025-10-11 03:29:14+00:00,2025-10-13 03:04:55+00:00
3504955810,134534,closed,2025-10,2025-10-11 01:31:22+00:00,2026-04-03 09:48:20+00:00
3503549423,134527,closed,2025-10,2025-10-10 16:03:03+00:00,2025-10-16 23:10:17+00:00
3502195408,134522,closed,2025-10,2025-10-10 10:07:10+00:00,2026-03-10 03:24:48+00:00
3502191471,134521,closed,2025-10,2025-10-10 10:06:07+00:00,2025-11-04 17:14:09+00:00
3501945370,134519,closed,2025-10,2025-10-10 08:44:42+00:00,2025-11-06 20:43:01+00:00
3501756458,134518,open,2025-10,2025-10-10 07:42:48+00:00,
3501658027,134517,closed,2025-10,2025-10-10 07:09:58+00:00,2025-10-10 08:45:04+00:00
3501147946,134513,open,2025-10,2025-10-10 02:28:24+00:00,
3500551224,134509,closed,2025-10,2025-10-09 20:33:31+00:00,2025-10-14 04:47:35+00:00
3498956274,134503,closed,2025-10,2025-10-09 12:26:46+00:00,2026-02-25 18:45:44+00:00
3497881295,134494,closed,2025-10,2025-10-09 06:58:20+00:00,2025-10-09 20:47:01+00:00
3497543230,134492,closed,2025-10,2025-10-09 03:52:00+00:00,2026-03-16 10:58:40+00:00
3497510790,134491,closed,2025-10,2025-10-09 03:31:15+00:00,2026-02-11 22:55:49+00:00
3497480783,134490,closed,2025-10,2025-10-09 03:11:50+00:00,2025-10-22 16:00:42+00:00
3496688953,134486,closed,2025-10,2025-10-08 19:49:10+00:00,2025-11-20 21:32:20+00:00
3496647448,134485,closed,2025-10,2025-10-08 19:34:18+00:00,2025-10-08 21:02:03+00:00
3496263543,134483,closed,2025-10,2025-10-08 17:17:41+00:00,2025-10-14 21:59:13+00:00
3496228291,134482,closed,2025-10,2025-10-08 17:05:24+00:00,2025-11-04 20:52:12+00:00
3494858070,134478,closed,2025-10,2025-10-08 10:31:19+00:00,2025-11-06 10:44:57+00:00
3494857930,134477,closed,2025-10,2025-10-08 10:31:17+00:00,2025-11-06 13:12:55+00:00
3494857771,134476,closed,2025-10,2025-10-08 10:31:13+00:00,2025-11-06 13:12:55+00:00
3494857625,134475,closed,2025-10,2025-10-08 10:31:11+00:00,2025-11-06 13:12:54+00:00
3494857554,134474,closed,2025-10,2025-10-08 10:31:09+00:00,2025-11-06 10:44:57+00:00
3494857385,134473,closed,2025-10,2025-10-08 10:31:06+00:00,2025-11-06 10:44:57+00:00
3494857115,134472,closed,2025-10,2025-10-08 10:31:02+00:00,2025-11-06 10:44:56+00:00
3494855742,134471,closed,2025-10,2025-10-08 10:30:40+00:00,2025-11-07 14:44:45+00:00
3494761573,134470,closed,2025-10,2025-10-08 10:05:11+00:00,2025-10-08 18:41:24+00:00
3494328182,134468,closed,2025-10,2025-10-08 08:06:14+00:00,2025-12-01 05:04:24+00:00
3492234601,134460,closed,2025-10,2025-10-07 16:45:28+00:00,2026-03-16 15:13:44+00:00
3492136748,134459,open,2025-10,2025-10-07 16:15:38+00:00,
3492133718,134458,closed,2025-10,2025-10-07 16:14:45+00:00,2026-04-25 05:42:47+00:00
3491751533,134455,closed,2025-10,2025-10-07 14:30:53+00:00,2025-11-10 09:06:02+00:00
3489070311,134444,open,2025-10,2025-10-06 20:57:04+00:00,
3486595008,134437,closed,2025-10,2025-10-06 10:27:54+00:00,2025-10-16 15:03:52+00:00
3486389531,134434,closed,2025-10,2025-10-06 09:28:41+00:00,2025-10-10 07:47:01+00:00
3485791060,134430,closed,2025-10,2025-10-06 06:01:36+00:00,2025-11-05 14:56:53+00:00
3485623196,134429,closed,2025-10,2025-10-06 04:15:39+00:00,2025-10-08 07:23:02+00:00
3485161171,134428,closed,2025-10,2025-10-05 20:57:31+00:00,2026-04-13 18:05:09+00:00
3485037322,134427,closed,2025-10,2025-10-05 18:15:38+00:00,2025-12-19 02:32:31+00:00
3484921098,134424,open,2025-10,2025-10-05 15:52:55+00:00,
3484795001,134421,closed,2025-10,2025-10-05 13:11:15+00:00,2025-12-18 00:26:12+00:00
3484632574,134418,closed,2025-10,2025-10-05 09:58:51+00:00,2025-12-16 13:44:12+00:00
3483888873,134416,closed,2025-10,2025-10-04 15:43:44+00:00,2025-10-17 14:35:28+00:00
3481975095,134405,closed,2025-10,2025-10-03 17:45:09+00:00,2025-10-10 16:23:01+00:00
3480106959,134395,open,2025-10,2025-10-03 07:30:15+00:00,
3479782456,134393,closed,2025-10,2025-10-03 04:50:33+00:00,2025-12-18 04:01:04+00:00
3478213100,134386,closed,2025-10,2025-10-02 16:52:59+00:00,2025-12-22 07:23:03+00:00
3476650105,134375,open,2025-10,2025-10-02 08:47:22+00:00,
3476435103,134372,closed,2025-10,2025-10-02 07:38:56+00:00,2025-10-03 03:23:04+00:00
3476420585,134371,closed,2025-10,2025-10-02 07:34:21+00:00,2025-10-02 18:40:57+00:00
3476283805,134370,closed,2025-10,2025-10-02 06:47:29+00:00,2025-10-02 14:47:00+00:00
3474809736,134359,closed,2025-10,2025-10-01 19:18:32+00:00,2025-10-13 04:28:33+00:00
3474345254,134357,closed,2025-10,2025-10-01 16:50:43+00:00,2025-10-02 22:32:56+00:00
3474329139,134356,closed,2025-10,2025-10-01 16:44:52+00:00,2026-03-03 15:45:31+00:00
3473687195,134354,closed,2025-10,2025-10-01 13:55:37+00:00,2025-10-03 17:37:41+00:00
3473004541,134351,closed,2025-10,2025-10-01 10:43:13+00:00,2025-10-01 13:46:04+00:00
3470300623,134344,closed,2025-09,2025-09-30 16:58:46+00:00,2026-02-11 01:53:22+00:00
3470268934,134343,closed,2025-09,2025-09-30 16:46:43+00:00,2026-03-29 03:52:59+00:00
3467398086,134338,open,2025-09,2025-09-30 03:41:58+00:00,
3467339162,134337,open,2025-09,2025-09-30 03:03:57+00:00,
3467338167,134336,open,2025-09,2025-09-30 03:03:20+00:00,
3466322916,134332,open,2025-09,2025-09-29 19:29:02+00:00,
3466305377,134331,closed,2025-09,2025-09-29 19:23:48+00:00,2025-10-16 20:17:34+00:00
3463954039,134324,open,2025-09,2025-09-29 09:04:56+00:00,
3463502067,134323,open,2025-09,2025-09-29 06:48:44+00:00,
3463447577,134322,open,2025-09,2025-09-29 06:26:17+00:00,
3462051359,134321,closed,2025-09,2025-09-28 15:09:09+00:00,2025-12-18 00:26:48+00:00
3461927013,134320,closed,2025-09,2025-09-28 14:00:35+00:00,2025-10-10 19:23:01+00:00
3461230403,134317,closed,2025-09,2025-09-28 07:12:05+00:00,2025-10-20 02:46:56+00:00
3460742259,134311,closed,2025-09,2025-09-27 21:11:35+00:00,2025-10-01 03:16:02+00:00
3460426182,134305,closed,2025-09,2025-09-27 15:08:41+00:00,2025-10-16 04:15:35+00:00
3458716516,134300,closed,2025-09,2025-09-26 18:37:45+00:00,2026-04-11 19:44:51+00:00
3458414750,134299,closed,2025-09,2025-09-26 17:06:19+00:00,2025-12-22 07:21:57+00:00
3456231914,134289,closed,2025-09,2025-09-26 07:58:22+00:00,2026-02-28 19:15:44+00:00
3455575575,134287,closed,2025-09,2025-09-26 02:36:06+00:00,2026-03-01 06:18:43+00:00
3455477989,134285,open,2025-09,2025-09-26 01:27:58+00:00,
3454662280,134282,closed,2025-09,2025-09-25 18:23:19+00:00,2025-09-30 17:04:57+00:00
3454575450,134280,closed,2025-09,2025-09-25 17:53:42+00:00,2026-05-04 20:43:34+00:00
3454378820,134272,closed,2025-09,2025-09-25 16:40:26+00:00,2025-09-25 19:26:16+00:00
3453229015,134264,open,2025-09,2025-09-25 11:38:23+00:00,
3452875423,134261,open,2025-09,2025-09-25 09:52:58+00:00,
3450953577,134253,open,2025-09,2025-09-24 20:48:09+00:00,
3450596512,134252,closed,2025-09,2025-09-24 19:09:24+00:00,2025-12-13 18:45:56+00:00
3450102527,134249,closed,2025-09,2025-09-24 16:19:15+00:00,2025-11-06 13:53:19+00:00
3448160135,134241,closed,2025-09,2025-09-24 07:43:03+00:00,2026-03-29 07:57:00+00:00
3447676557,134236,open,2025-09,2025-09-24 05:07:43+00:00,
3447359754,134234,closed,2025-09,2025-09-24 02:46:06+00:00,2025-09-24 20:02:35+00:00
3446857134,134232,open,2025-09,2025-09-23 22:36:04+00:00,
3446022388,134226,open,2025-09,2025-09-23 16:55:10+00:00,
3445433421,134224,open,2025-09,2025-09-23 14:01:45+00:00,
3444915393,134219,closed,2025-09,2025-09-23 11:37:08+00:00,2025-10-08 20:51:53+00:00
3444543716,134218,closed,2025-09,2025-09-23 09:57:45+00:00,2026-02-20 12:29:18+00:00
3444471416,134217,closed,2025-09,2025-09-23 09:37:18+00:00,2025-10-29 17:14:11+00:00
3444183072,134215,closed,2025-09,2025-09-23 08:11:52+00:00,2026-02-12 22:15:12+00:00
3442064455,134207,closed,2025-09,2025-09-22 17:51:01+00:00,2025-09-22 18:12:15+00:00
3440141891,134196,open,2025-09,2025-09-22 10:07:54+00:00,
